split,label,file,subject,sfreq,n_times,duration_s,n_ch,has19,highpass,lowpass
train,normal,aaaaaaav_s004_t000.edf,aaaaaaav,250.0,317000,1268.0,30,True,0.0,125.0
train,normal,aaaaaabn_s005_t000.edf,aaaaaabn,250.0,329250,1317.0,36,True,0.0,125.0
train,normal,aaaaaaff_s002_t000.edf,aaaaaaff,250.0,302500,1210.0,30,True,0.0,125.0
train,normal,aaaaaalk_s002_t000.edf,aaaaaalk,250.0,304750,1219.0,36,True,0.0,125.0
train,normal,aaaaaama_s002_t000.edf,aaaaaama,250.0,334500,1338.0,36,True,0.0,125.0
train,normal,aaaaaanr_s003_t000.edf,aaaaaanr,250.0,331250,1325.0,36,True,0.0,125.0
train,normal,aaaaaanx_s003_t001.edf,aaaaaanx,250.0,295500,1182.0,36,True,0.0,125.0
train,normal,aaaaaapr_s002_t001.edf,aaaaaapr,250.0,301500,1206.0,36,True,0.0,125.0
train,normal,aaaaaaqb_s004_t000.edf,aaaaaaqb,250.0,376500,1506.0,36,True,0.0,125.0
train,normal,aaaaaaqu_s002_t001.edf,aaaaaaqu,250.0,331500,1326.0,36,True,0.0,125.0
train,normal,aaaaaary_s002_t000.edf,aaaaaary,250.0,347500,1390.0,36,True,0.0,125.0
train,normal,aaaaaary_s003_t000.edf,aaaaaary,250.0,369250,1477.0,36,True,0.0,125.0
train,normal,aaaaaavs_s002_t001.edf,aaaaaavs,250.0,281250,1125.0,36,True,0.0,125.0
train,normal,aaaaaawu_s004_t000.edf,aaaaaawu,250.0,360750,1443.0,36,True,0.0,125.0
train,normal,aaaaaawu_s005_t000.edf,aaaaaawu,250.0,384750,1539.0,30,True,0.0,125.0
train,normal,aaaaaayz_s003_t000.edf,aaaaaayz,250.0,301250,1205.0,36,True,0.0,125.0
train,normal,aaaaabcl_s002_t000.edf,aaaaabcl,250.0,333500,1334.0,30,True,0.0,125.0
train,normal,aaaaabhm_s009_t000.edf,aaaaabhm,250.0,300750,1203.0,30,True,0.0,125.0
train,normal,aaaaabhm_s010_t001.edf,aaaaabhm,256.0,369152,1442.0,27,True,0.0,128.0
train,normal,aaaaabhz_s015_t001.edf,aaaaabhz,250.0,300500,1202.0,36,True,0.0,125.0
train,normal,aaaaabik_s004_t001.edf,aaaaabik,250.0,309250,1237.0,36,True,0.0,125.0
train,normal,aaaaabjt_s003_t002.edf,aaaaabjt,250.0,296750,1187.0,36,True,0.0,125.0
train,normal,aaaaabjt_s005_t000.edf,aaaaabjt,250.0,328750,1315.0,30,True,0.0,125.0
train,normal,aaaaabnq_s002_t001.edf,aaaaabnq,250.0,297750,1191.0,36,True,0.0,125.0
train,normal,aaaaabnq_s003_t000.edf,aaaaabnq,250.0,316500,1266.0,36,True,0.0,125.0
train,normal,aaaaabwi_s002_t000.edf,aaaaabwi,250.0,352250,1409.0,36,True,0.0,125.0
train,normal,aaaaabwi_s003_t000.edf,aaaaabwi,250.0,332000,1328.0,36,True,0.0,125.0
train,normal,aaaaabyu_s003_t000.edf,aaaaabyu,250.0,363750,1455.0,30,True,0.0,125.0
train,normal,aaaaabzx_s004_t000.edf,aaaaabzx,250.0,366750,1467.0,30,True,0.0,125.0
train,normal,aaaaacag_s002_t000.edf,aaaaacag,250.0,348250,1393.0,30,True,0.0,125.0
train,normal,aaaaacbz_s002_t000.edf,aaaaacbz,250.0,300500,1202.0,30,True,0.0,125.0
train,normal,aaaaacdf_s003_t000.edf,aaaaacdf,250.0,301250,1205.0,31,True,0.0,125.0
train,normal,aaaaacle_s009_t001.edf,aaaaacle,250.0,297250,1189.0,36,True,0.0,125.0
train,normal,aaaaacpi_s004_t001.edf,aaaaacpi,250.0,323000,1292.0,36,True,0.0,125.0
train,normal,aaaaacpm_s002_t002.edf,aaaaacpm,250.0,255000,1020.0,30,True,0.0,125.0
train,normal,aaaaacsu_s004_t000.edf,aaaaacsu,250.0,346750,1387.0,30,True,0.0,125.0
train,normal,aaaaactl_s002_t000.edf,aaaaactl,250.0,329750,1319.0,36,True,0.0,125.0
train,normal,aaaaactm_s002_t000.edf,aaaaactm,250.0,328500,1314.0,36,True,0.0,125.0
train,normal,aaaaacuk_s003_t000.edf,aaaaacuk,250.0,305000,1220.0,31,True,0.0,125.0
train,normal,aaaaacuy_s007_t001.edf,aaaaacuy,250.0,320250,1281.0,36,True,0.0,125.0
train,normal,aaaaacwd_s003_t003.edf,aaaaacwd,250.0,273250,1093.0,36,True,0.0,125.0
train,normal,aaaaacxi_s003_t000.edf,aaaaacxi,250.0,361000,1444.0,36,True,0.0,125.0
train,normal,aaaaacxi_s004_t000.edf,aaaaacxi,256.0,313600,1225.0,34,True,0.0,128.0
train,normal,aaaaacyc_s003_t000.edf,aaaaacyc,250.0,323500,1294.0,30,True,0.0,125.0
train,normal,aaaaadak_s004_t000.edf,aaaaadak,250.0,360250,1441.0,36,True,0.0,125.0
train,normal,aaaaadbl_s002_t000.edf,aaaaadbl,250.0,301750,1207.0,36,True,0.0,125.0
train,normal,aaaaadbn_s002_t001.edf,aaaaadbn,250.0,299500,1198.0,36,True,0.0,125.0
train,normal,aaaaaddw_s002_t000.edf,aaaaaddw,250.0,300750,1203.0,30,True,0.0,125.0
train,normal,aaaaadel_s004_t000.edf,aaaaadel,250.0,305500,1222.0,30,True,0.0,125.0
train,normal,aaaaadfx_s002_t000.edf,aaaaadfx,250.0,372750,1491.0,36,True,0.0,125.0
train,normal,aaaaadfx_s003_t000.edf,aaaaadfx,250.0,303250,1213.0,31,True,0.0,125.0
train,normal,aaaaadfx_s004_t000.edf,aaaaadfx,250.0,321000,1284.0,30,True,0.0,125.0
train,normal,aaaaadfz_s002_t000.edf,aaaaadfz,250.0,303750,1215.0,36,True,0.0,125.0
train,normal,aaaaadmp_s002_t001.edf,aaaaadmp,250.0,311750,1247.0,30,True,0.0,125.0
train,normal,aaaaadms_s002_t000.edf,aaaaadms,250.0,301000,1204.0,36,True,0.0,125.0
train,normal,aaaaadna_s002_t000.edf,aaaaadna,250.0,345500,1382.0,30,True,0.0,125.0
train,normal,aaaaadnb_s003_t000.edf,aaaaadnb,250.0,302250,1209.0,36,True,0.0,125.0
train,normal,aaaaadqg_s002_t000.edf,aaaaadqg,250.0,295250,1181.0,36,True,0.0,125.0
train,normal,aaaaadvk_s002_t000.edf,aaaaadvk,250.0,306750,1227.0,36,True,0.0,125.0
train,normal,aaaaadvk_s003_t000.edf,aaaaadvk,250.0,383000,1532.0,30,True,0.0,125.0
train,normal,aaaaadxd_s002_t000.edf,aaaaadxd,250.0,302250,1209.0,36,True,0.0,125.0
train,normal,aaaaadyy_s002_t000.edf,aaaaadyy,250.0,305250,1221.0,36,True,0.0,125.0
train,normal,aaaaaebo_s003_t001.edf,aaaaaebo,250.0,329750,1319.0,31,True,0.0,125.0
train,normal,aaaaaect_s005_t000.edf,aaaaaect,250.0,345500,1382.0,36,True,0.0,125.0
train,normal,aaaaaect_s006_t000.edf,aaaaaect,250.0,334500,1338.0,36,True,0.0,125.0
train,normal,aaaaaedn_s004_t000.edf,aaaaaedn,250.0,361000,1444.0,30,True,0.0,125.0
train,normal,aaaaaedn_s005_t000.edf,aaaaaedn,250.0,420500,1682.0,30,True,0.0,125.0
train,normal,aaaaaedn_s006_t000.edf,aaaaaedn,250.0,308500,1234.0,30,True,0.0,125.0
train,normal,aaaaaeki_s002_t000.edf,aaaaaeki,256.0,350208,1368.0,28,True,0.0,128.0
train,normal,aaaaaenj_s002_t002.edf,aaaaaenj,250.0,272750,1091.0,30,True,0.0,125.0
train,normal,aaaaaenq_s003_t000.edf,aaaaaenq,250.0,332000,1328.0,36,True,0.0,125.0
train,normal,aaaaaenq_s004_t005.edf,aaaaaenq,250.0,303000,1212.0,30,True,0.0,125.0
train,normal,aaaaaenq_s005_t008.edf,aaaaaenq,512.0,554496,1083.0,34,True,0.0,256.0
train,normal,aaaaaenq_s006_t002.edf,aaaaaenq,512.0,875008,1709.0,34,True,0.0,256.0
train,normal,aaaaaeoe_s002_t000.edf,aaaaaeoe,250.0,301750,1207.0,30,True,0.0,125.0
train,normal,aaaaaeph_s004_t000.edf,aaaaaeph,250.0,310750,1243.0,36,True,0.0,125.0
train,normal,aaaaaeph_s005_t000.edf,aaaaaeph,250.0,303000,1212.0,30,True,0.0,125.0
train,normal,aaaaaeqq_s003_t001.edf,aaaaaeqq,250.0,300750,1203.0,36,True,0.0,125.0
train,normal,aaaaaeqq_s004_t000.edf,aaaaaeqq,250.0,301000,1204.0,30,True,0.0,125.0
train,normal,aaaaaetn_s002_t000.edf,aaaaaetn,250.0,406750,1627.0,30,True,0.0,125.0
train,normal,aaaaaeug_s002_t000.edf,aaaaaeug,250.0,352500,1410.0,36,True,0.0,125.0
train,normal,aaaaaeuq_s002_t001.edf,aaaaaeuq,256.0,311808,1218.0,33,True,0.0,128.0
train,normal,aaaaaezl_s002_t000.edf,aaaaaezl,250.0,345500,1382.0,36,True,0.0,125.0
train,normal,aaaaaezv_s002_t000.edf,aaaaaezv,250.0,301750,1207.0,36,True,0.0,125.0
train,normal,aaaaaezv_s003_t000.edf,aaaaaezv,250.0,345750,1383.0,36,True,0.0,125.0
train,normal,aaaaafdh_s004_t001.edf,aaaaafdh,250.0,295000,1180.0,36,True,0.0,125.0
train,normal,aaaaafee_s002_t000.edf,aaaaafee,250.0,315500,1262.0,30,True,0.0,125.0
train,normal,aaaaaffn_s002_t000.edf,aaaaaffn,250.0,366750,1467.0,36,True,0.0,125.0
train,normal,aaaaaffn_s004_t001.edf,aaaaaffn,512.0,710656,1388.0,34,True,0.0,256.0
train,normal,aaaaaflb_s004_t001.edf,aaaaaflb,250.0,297500,1190.0,36,True,0.0,125.0
train,normal,aaaaaflb_s005_t000.edf,aaaaaflb,250.0,375500,1502.0,30,True,0.0,125.0
train,normal,aaaaaflq_s003_t000.edf,aaaaaflq,250.0,331250,1325.0,36,True,0.0,125.0
train,normal,aaaaafwl_s003_t000.edf,aaaaafwl,250.0,320500,1282.0,30,True,0.0,125.0
train,normal,aaaaafyi_s005_t000.edf,aaaaafyi,250.0,388750,1555.0,30,True,0.0,125.0
train,normal,aaaaafyj_s002_t000.edf,aaaaafyj,250.0,379500,1518.0,30,True,0.0,125.0
train,normal,aaaaafyz_s002_t001.edf,aaaaafyz,250.0,333750,1335.0,30,True,0.0,125.0
train,normal,aaaaafzl_s002_t001.edf,aaaaafzl,250.0,308500,1234.0,36,True,0.0,125.0
train,normal,aaaaagfv_s002_t000.edf,aaaaagfv,250.0,326250,1305.0,36,True,0.0,125.0
train,normal,aaaaagfx_s002_t001.edf,aaaaagfx,250.0,297000,1188.0,36,True,0.0,125.0
train,normal,aaaaagmh_s002_t000.edf,aaaaagmh,250.0,316250,1265.0,30,True,0.0,125.0
train,normal,aaaaagph_s002_t001.edf,aaaaagph,250.0,289250,1157.0,31,True,0.0,125.0
train,normal,aaaaagqf_s003_t000.edf,aaaaagqf,250.0,307000,1228.0,36,True,0.0,125.0
train,normal,aaaaagwa_s002_t000.edf,aaaaagwa,250.0,319500,1278.0,36,True,0.0,125.0
train,normal,aaaaagwa_s003_t000.edf,aaaaagwa,250.0,326500,1306.0,30,True,0.0,125.0
train,normal,aaaaagwc_s002_t001.edf,aaaaagwc,250.0,277500,1110.0,30,True,0.0,125.0
train,normal,aaaaagza_s003_t001.edf,aaaaagza,250.0,358250,1433.0,30,True,0.0,125.0
train,normal,aaaaagzp_s002_t000.edf,aaaaagzp,250.0,363000,1452.0,30,True,0.0,125.0
train,normal,aaaaagzq_s002_t000.edf,aaaaagzq,250.0,300750,1203.0,36,True,0.0,125.0
train,normal,aaaaahht_s002_t000.edf,aaaaahht,250.0,300750,1203.0,36,True,0.0,125.0
train,normal,aaaaahjk_s002_t001.edf,aaaaahjk,256.0,364288,1423.0,28,True,0.0,128.0
train,normal,aaaaahju_s002_t000.edf,aaaaahju,250.0,304250,1217.0,36,True,0.0,125.0
train,normal,aaaaahms_s002_t001.edf,aaaaahms,250.0,297500,1190.0,36,True,0.0,125.0
train,normal,aaaaahnl_s002_t000.edf,aaaaahnl,250.0,330750,1323.0,36,True,0.0,125.0
train,normal,aaaaahoa_s008_t001.edf,aaaaahoa,250.0,298000,1192.0,36,True,0.0,125.0
train,normal,aaaaahok_s003_t000.edf,aaaaahok,250.0,304250,1217.0,36,True,0.0,125.0
train,normal,aaaaahrd_s002_t001.edf,aaaaahrd,250.0,306750,1227.0,36,True,0.0,125.0
train,normal,aaaaahsy_s002_t000.edf,aaaaahsy,250.0,347250,1389.0,30,True,0.0,125.0
train,normal,aaaaahue_s003_t000.edf,aaaaahue,250.0,341750,1367.0,36,True,0.0,125.0
train,normal,aaaaahum_s002_t000.edf,aaaaahum,250.0,349750,1399.0,36,True,0.0,125.0
train,normal,aaaaahvi_s003_t000.edf,aaaaahvi,250.0,362750,1451.0,30,True,0.0,125.0
train,normal,aaaaahxr_s002_t000.edf,aaaaahxr,250.0,356500,1426.0,30,True,0.0,125.0
train,normal,aaaaahyd_s002_t001.edf,aaaaahyd,250.0,294000,1176.0,36,True,0.0,125.0
train,normal,aaaaaibk_s002_t000.edf,aaaaaibk,250.0,330500,1322.0,36,True,0.0,125.0
train,normal,aaaaaibr_s005_t000.edf,aaaaaibr,250.0,319000,1276.0,30,True,0.0,125.0
train,normal,aaaaaicb_s002_t000.edf,aaaaaicb,250.0,301000,1204.0,36,True,0.0,125.0
train,normal,aaaaaicc_s002_t002.edf,aaaaaicc,250.0,877250,3509.0,36,True,0.0,125.0
train,normal,aaaaaicc_s003_t000.edf,aaaaaicc,250.0,341000,1364.0,30,True,0.0,125.0
train,normal,aaaaaicc_s004_t000.edf,aaaaaicc,512.0,1280512,2501.0,34,True,0.0,256.0
train,normal,aaaaaicc_s014_t000.edf,aaaaaicc,512.0,514560,1005.0,34,True,0.0,256.0
train,normal,aaaaaifx_s002_t000.edf,aaaaaifx,250.0,317000,1268.0,31,True,0.0,125.0
train,normal,aaaaaimb_s002_t001.edf,aaaaaimb,250.0,298500,1194.0,36,True,0.0,125.0
train,normal,aaaaaimu_s002_t000.edf,aaaaaimu,250.0,331000,1324.0,36,True,0.0,125.0
train,normal,aaaaaimz_s003_t000.edf,aaaaaimz,250.0,346250,1385.0,30,True,0.0,125.0
train,normal,aaaaaiou_s002_t001.edf,aaaaaiou,250.0,333250,1333.0,36,True,0.0,125.0
train,normal,aaaaairk_s002_t000.edf,aaaaairk,250.0,312000,1248.0,31,True,0.0,125.0
train,normal,aaaaairn_s002_t000.edf,aaaaairn,250.0,314250,1257.0,36,True,0.0,125.0
train,normal,aaaaaisc_s002_t000.edf,aaaaaisc,250.0,301250,1205.0,36,True,0.0,125.0
train,normal,aaaaaisv_s003_t001.edf,aaaaaisv,250.0,294250,1177.0,36,True,0.0,125.0
train,normal,aaaaaith_s002_t000.edf,aaaaaith,250.0,752250,3009.0,36,True,0.0,125.0
train,normal,aaaaaith_s003_t001.edf,aaaaaith,250.0,899250,3597.0,36,True,0.0,125.0
train,normal,aaaaaiuk_s002_t000.edf,aaaaaiuk,250.0,361500,1446.0,30,True,0.0,125.0
train,normal,aaaaaivg_s002_t000.edf,aaaaaivg,250.0,410750,1643.0,36,True,0.0,125.0
train,normal,aaaaaiwp_s004_t001.edf,aaaaaiwp,250.0,326250,1305.0,36,True,0.0,125.0
train,normal,aaaaaixg_s002_t000.edf,aaaaaixg,250.0,301500,1206.0,30,True,0.0,125.0
train,normal,aaaaaixl_s005_t000.edf,aaaaaixl,250.0,304250,1217.0,30,True,0.0,125.0
train,normal,aaaaaiyg_s004_t001.edf,aaaaaiyg,250.0,308500,1234.0,36,True,0.0,125.0
train,normal,aaaaaiyp_s002_t000.edf,aaaaaiyp,250.0,304500,1218.0,36,True,0.0,125.0
train,normal,aaaaaiyu_s002_t001.edf,aaaaaiyu,250.0,297250,1189.0,36,True,0.0,125.0
train,normal,aaaaaizb_s003_t000.edf,aaaaaizb,250.0,301000,1204.0,30,True,0.0,125.0
train,normal,aaaaaizx_s001_t001.edf,aaaaaizx,250.0,301500,1206.0,36,True,0.0,125.0
train,normal,aaaaaizx_s002_t000.edf,aaaaaizx,250.0,300750,1203.0,36,True,0.0,125.0
train,normal,aaaaajab_s002_t000.edf,aaaaajab,250.0,303750,1215.0,31,True,0.0,125.0
train,normal,aaaaajbm_s002_t001.edf,aaaaajbm,250.0,293500,1174.0,36,True,0.0,125.0
train,normal,aaaaajcb_s002_t000.edf,aaaaajcb,250.0,309500,1238.0,36,True,0.0,125.0
train,normal,aaaaajcv_s002_t001.edf,aaaaajcv,250.0,298750,1195.0,36,True,0.0,125.0
train,normal,aaaaajdk_s002_t000.edf,aaaaajdk,250.0,420500,1682.0,30,True,0.0,125.0
train,normal,aaaaajef_s002_t001.edf,aaaaajef,250.0,289500,1158.0,36,True,0.0,125.0
train,normal,aaaaajei_s004_t001.edf,aaaaajei,250.0,296250,1185.0,36,True,0.0,125.0
train,normal,aaaaajex_s003_t002.edf,aaaaajex,250.0,268000,1072.0,36,True,0.0,125.0
train,normal,aaaaajez_s002_t000.edf,aaaaajez,256.0,325120,1270.0,34,True,0.0,128.0
train,normal,aaaaajfk_s002_t001.edf,aaaaajfk,250.0,297750,1191.0,36,True,0.0,125.0
train,normal,aaaaajfo_s002_t000.edf,aaaaajfo,250.0,303000,1212.0,36,True,0.0,125.0
train,normal,aaaaajgj_s003_t000.edf,aaaaajgj,250.0,360250,1441.0,36,True,0.0,125.0
train,normal,aaaaajgn_s003_t000.edf,aaaaajgn,250.0,362500,1450.0,36,True,0.0,125.0
train,normal,aaaaajif_s001_t000.edf,aaaaajif,250.0,300750,1203.0,36,True,0.0,125.0
train,normal,aaaaajik_s002_t000.edf,aaaaajik,250.0,312250,1249.0,36,True,0.0,125.0
train,normal,aaaaajiq_s003_t000.edf,aaaaajiq,250.0,315750,1263.0,36,True,0.0,125.0
train,normal,aaaaajns_s006_t000.edf,aaaaajns,250.0,289000,1156.0,36,True,0.0,125.0
train,normal,aaaaajnt_s001_t001.edf,aaaaajnt,250.0,322250,1289.0,36,True,0.0,125.0
train,normal,aaaaajnz_s001_t000.edf,aaaaajnz,250.0,309000,1236.0,36,True,0.0,125.0
train,normal,aaaaajod_s001_t001.edf,aaaaajod,250.0,295750,1183.0,36,True,0.0,125.0
train,normal,aaaaajof_s001_t000.edf,aaaaajof,250.0,300750,1203.0,36,True,0.0,125.0
train,normal,aaaaajou_s002_t000.edf,aaaaajou,250.0,325750,1303.0,36,True,0.0,125.0
train,normal,aaaaajou_s004_t000.edf,aaaaajou,250.0,300750,1203.0,36,True,0.0,125.0
train,normal,aaaaajov_s001_t001.edf,aaaaajov,250.0,306750,1227.0,36,True,0.0,125.0
train,normal,aaaaajoy_s001_t000.edf,aaaaajoy,250.0,389500,1558.0,36,True,0.0,125.0
train,normal,aaaaajpl_s001_t000.edf,aaaaajpl,250.0,304500,1218.0,36,True,0.0,125.0
train,normal,aaaaajpo_s001_t001.edf,aaaaajpo,250.0,299000,1196.0,36,True,0.0,125.0
train,normal,aaaaajpq_s001_t000.edf,aaaaajpq,250.0,300500,1202.0,36,True,0.0,125.0
train,normal,aaaaajpz_s002_t000.edf,aaaaajpz,250.0,300500,1202.0,36,True,0.0,125.0
train,normal,aaaaajql_s001_t000.edf,aaaaajql,250.0,300500,1202.0,36,True,0.0,125.0
train,normal,aaaaajqn_s001_t001.edf,aaaaajqn,250.0,300000,1200.0,36,True,0.0,125.0
train,normal,aaaaajqr_s002_t000.edf,aaaaajqr,250.0,305000,1220.0,30,True,0.0,125.0
train,normal,aaaaajqt_s001_t001.edf,aaaaajqt,250.0,316750,1267.0,36,True,0.0,125.0
train,normal,aaaaajqx_s001_t000.edf,aaaaajqx,250.0,300750,1203.0,36,True,0.0,125.0
train,normal,aaaaajrb_s001_t000.edf,aaaaajrb,250.0,301000,1204.0,36,True,0.0,125.0
train,normal,aaaaajrj_s001_t000.edf,aaaaajrj,250.0,301250,1205.0,36,True,0.0,125.0
train,normal,aaaaajrj_s002_t000.edf,aaaaajrj,250.0,301500,1206.0,31,True,0.0,125.0
train,normal,aaaaajrq_s001_t001.edf,aaaaajrq,250.0,303500,1214.0,36,True,0.0,125.0
train,normal,aaaaajsg_s001_t000.edf,aaaaajsg,250.0,322750,1291.0,36,True,0.0,125.0
train,normal,aaaaajsj_s002_t000.edf,aaaaajsj,250.0,303500,1214.0,36,True,0.0,125.0
train,normal,aaaaajsk_s001_t000.edf,aaaaajsk,250.0,340250,1361.0,36,True,0.0,125.0
train,normal,aaaaajst_s001_t000.edf,aaaaajst,250.0,317000,1268.0,36,True,0.0,125.0
train,normal,aaaaajti_s001_t000.edf,aaaaajti,250.0,314250,1257.0,36,True,0.0,125.0
train,normal,aaaaajtv_s001_t001.edf,aaaaajtv,250.0,296500,1186.0,36,True,0.0,125.0
train,normal,aaaaajud_s007_t000.edf,aaaaajud,250.0,300250,1201.0,36,True,0.0,125.0
train,normal,aaaaajup_s001_t000.edf,aaaaajup,250.0,365750,1463.0,36,True,0.0,125.0
train,normal,aaaaajus_s001_t000.edf,aaaaajus,250.0,383000,1532.0,36,True,0.0,125.0
train,normal,aaaaajus_s002_t000.edf,aaaaajus,250.0,390500,1562.0,36,True,0.0,125.0
train,normal,aaaaajux_s001_t000.edf,aaaaajux,250.0,304750,1219.0,36,True,0.0,125.0
train,normal,aaaaajvc_s001_t000.edf,aaaaajvc,250.0,317500,1270.0,36,True,0.0,125.0
train,normal,aaaaajvd_s001_t001.edf,aaaaajvd,250.0,328250,1313.0,36,True,0.0,125.0
train,normal,aaaaajvf_s001_t000.edf,aaaaajvf,250.0,253500,1014.0,36,True,0.0,125.0
train,normal,aaaaajvg_s001_t000.edf,aaaaajvg,250.0,303750,1215.0,36,True,0.0,125.0
train,normal,aaaaajvi_s004_t000.edf,aaaaajvi,250.0,251750,1007.0,30,True,0.0,125.0
train,normal,aaaaajvj_s001_t000.edf,aaaaajvj,250.0,304000,1216.0,36,True,0.0,125.0
train,normal,aaaaajvp_s001_t000.edf,aaaaajvp,250.0,322250,1289.0,36,True,0.0,125.0
train,normal,aaaaajwb_s001_t000.edf,aaaaajwb,250.0,333750,1335.0,36,True,0.0,125.0
train,normal,aaaaajwg_s001_t001.edf,aaaaajwg,250.0,313500,1254.0,36,True,0.0,125.0
train,normal,aaaaajwi_s001_t000.edf,aaaaajwi,250.0,310500,1242.0,36,True,0.0,125.0
train,normal,aaaaajxk_s001_t000.edf,aaaaajxk,250.0,302250,1209.0,36,True,0.0,125.0
train,normal,aaaaajxz_s001_t002.edf,aaaaajxz,250.0,283000,1132.0,36,True,0.0,125.0
train,normal,aaaaajyb_s001_t000.edf,aaaaajyb,250.0,300500,1202.0,36,True,0.0,125.0
train,normal,aaaaajyg_s001_t000.edf,aaaaajyg,250.0,300750,1203.0,36,True,0.0,125.0
train,normal,aaaaajyg_s002_t000.edf,aaaaajyg,250.0,330250,1321.0,30,True,0.0,125.0
train,normal,aaaaajyr_s001_t000.edf,aaaaajyr,250.0,300750,1203.0,36,True,0.0,125.0
train,normal,aaaaajyu_s001_t001.edf,aaaaajyu,250.0,287500,1150.0,36,True,0.0,125.0
train,normal,aaaaajyw_s001_t001.edf,aaaaajyw,250.0,309250,1237.0,36,True,0.0,125.0
train,normal,aaaaajyy_s001_t001.edf,aaaaajyy,250.0,355500,1422.0,36,True,0.0,125.0
train,normal,aaaaajzb_s001_t001.edf,aaaaajzb,250.0,305250,1221.0,36,True,0.0,125.0
train,normal,aaaaajze_s001_t000.edf,aaaaajze,250.0,305750,1223.0,36,True,0.0,125.0
train,normal,aaaaajze_s002_t001.edf,aaaaajze,250.0,296250,1185.0,36,True,0.0,125.0
train,normal,aaaaajzf_s001_t000.edf,aaaaajzf,250.0,354000,1416.0,36,True,0.0,125.0
train,normal,aaaaajzh_s001_t001.edf,aaaaajzh,250.0,341000,1364.0,36,True,0.0,125.0
train,normal,aaaaajzm_s001_t000.edf,aaaaajzm,250.0,316500,1266.0,36,True,0.0,125.0
train,normal,aaaaajzm_s002_t000.edf,aaaaajzm,250.0,300500,1202.0,36,True,0.0,125.0
train,normal,aaaaajzm_s004_t000.edf,aaaaajzm,250.0,302750,1211.0,36,True,0.0,125.0
train,normal,aaaaajzo_s001_t001.edf,aaaaajzo,250.0,296000,1184.0,36,True,0.0,125.0
train,normal,aaaaajzw_s001_t000.edf,aaaaajzw,250.0,300750,1203.0,36,True,0.0,125.0
train,normal,aaaaajzz_s001_t000.edf,aaaaajzz,250.0,330750,1323.0,36,True,0.0,125.0
train,normal,aaaaakab_s001_t002.edf,aaaaakab,250.0,296750,1187.0,36,True,0.0,125.0
train,normal,aaaaakag_s001_t000.edf,aaaaakag,250.0,347250,1389.0,36,True,0.0,125.0
train,normal,aaaaakak_s001_t000.edf,aaaaakak,250.0,347250,1389.0,36,True,0.0,125.0
train,normal,aaaaakan_s006_t000.edf,aaaaakan,250.0,301250,1205.0,36,True,0.0,125.0
train,normal,aaaaakba_s001_t000.edf,aaaaakba,250.0,300750,1203.0,36,True,0.0,125.0
train,normal,aaaaakbb_s001_t000.edf,aaaaakbb,250.0,300750,1203.0,36,True,0.0,125.0
train,normal,aaaaakbc_s003_t000.edf,aaaaakbc,250.0,330750,1323.0,36,True,0.0,125.0
train,normal,aaaaakbc_s009_t005.edf,aaaaakbc,256.0,294912,1152.0,34,True,0.0,128.0
train,normal,aaaaakbd_s001_t000.edf,aaaaakbd,250.0,300750,1203.0,36,True,0.0,125.0
train,normal,aaaaakbg_s001_t000.edf,aaaaakbg,250.0,304500,1218.0,36,True,0.0,125.0
train,normal,aaaaakbi_s002_t000.edf,aaaaakbi,250.0,322500,1290.0,30,True,0.0,125.0
train,normal,aaaaakbj_s001_t001.edf,aaaaakbj,250.0,296000,1184.0,36,True,0.0,125.0
train,normal,aaaaakbk_s001_t000.edf,aaaaakbk,250.0,300750,1203.0,36,True,0.0,125.0
train,normal,aaaaakbn_s001_t000.edf,aaaaakbn,250.0,301250,1205.0,36,True,0.0,125.0
train,normal,aaaaakbo_s001_t000.edf,aaaaakbo,250.0,301000,1204.0,36,True,0.0,125.0
train,normal,aaaaakbp_s001_t001.edf,aaaaakbp,250.0,296500,1186.0,36,True,0.0,125.0
train,normal,aaaaakbq_s002_t000.edf,aaaaakbq,250.0,324500,1298.0,36,True,0.0,125.0
train,normal,aaaaakce_s002_t002.edf,aaaaakce,250.0,348000,1392.0,30,True,0.0,125.0
train,normal,aaaaakcg_s001_t001.edf,aaaaakcg,250.0,320000,1280.0,36,True,0.0,125.0
train,normal,aaaaakci_s001_t001.edf,aaaaakci,250.0,296750,1187.0,36,True,0.0,125.0
train,normal,aaaaakcj_s001_t001.edf,aaaaakcj,250.0,303500,1214.0,36,True,0.0,125.0
train,normal,aaaaakco_s001_t001.edf,aaaaakco,250.0,307000,1228.0,36,True,0.0,125.0
train,normal,aaaaakcq_s001_t000.edf,aaaaakcq,250.0,347250,1389.0,36,True,0.0,125.0
train,normal,aaaaakcs_s001_t001.edf,aaaaakcs,250.0,296750,1187.0,36,True,0.0,125.0
train,normal,aaaaakda_s001_t001.edf,aaaaakda,250.0,241250,965.0,36,True,0.0,125.0
train,normal,aaaaakdc_s001_t000.edf,aaaaakdc,250.0,376500,1506.0,36,True,0.0,125.0
train,normal,aaaaakdm_s001_t000.edf,aaaaakdm,250.0,303750,1215.0,36,True,0.0,125.0
train,normal,aaaaakdq_s001_t000.edf,aaaaakdq,250.0,304750,1219.0,36,True,0.0,125.0
train,normal,aaaaakdu_s001_t000.edf,aaaaakdu,250.0,300500,1202.0,36,True,0.0,125.0
train,normal,aaaaakdy_s001_t000.edf,aaaaakdy,250.0,301500,1206.0,36,True,0.0,125.0
train,normal,aaaaakek_s002_t000.edf,aaaaakek,250.0,302250,1209.0,36,True,0.0,125.0
train,normal,aaaaaket_s001_t000.edf,aaaaaket,250.0,305500,1222.0,36,True,0.0,125.0
train,normal,aaaaakew_s001_t001.edf,aaaaakew,250.0,302750,1211.0,36,True,0.0,125.0
train,normal,aaaaakfp_s001_t000.edf,aaaaakfp,250.0,345500,1382.0,36,True,0.0,125.0
train,normal,aaaaakfv_s001_t001.edf,aaaaakfv,250.0,301750,1207.0,36,True,0.0,125.0
train,normal,aaaaakge_s001_t000.edf,aaaaakge,250.0,315750,1263.0,36,True,0.0,125.0
train,normal,aaaaakgg_s002_t001.edf,aaaaakgg,250.0,310750,1243.0,36,True,0.0,125.0
train,normal,aaaaakgk_s001_t000.edf,aaaaakgk,250.0,300750,1203.0,36,True,0.0,125.0
train,normal,aaaaakgq_s001_t000.edf,aaaaakgq,250.0,302250,1209.0,36,True,0.0,125.0
train,normal,aaaaakhg_s001_t000.edf,aaaaakhg,250.0,361750,1447.0,36,True,0.0,125.0
train,normal,aaaaakhi_s001_t001.edf,aaaaakhi,250.0,295000,1180.0,36,True,0.0,125.0
train,normal,aaaaakhj_s001_t000.edf,aaaaakhj,250.0,300750,1203.0,36,True,0.0,125.0
train,normal,aaaaakhl_s001_t001.edf,aaaaakhl,250.0,305500,1222.0,36,True,0.0,125.0
train,normal,aaaaakhn_s001_t000.edf,aaaaakhn,250.0,349750,1399.0,36,True,0.0,125.0
train,normal,aaaaakhp_s001_t003.edf,aaaaakhp,250.0,286750,1147.0,36,True,0.0,125.0
train,normal,aaaaakhp_s002_t000.edf,aaaaakhp,250.0,305250,1221.0,36,True,0.0,125.0
train,normal,aaaaakhq_s001_t000.edf,aaaaakhq,250.0,385500,1542.0,36,True,0.0,125.0
train,normal,aaaaakhr_s001_t001.edf,aaaaakhr,250.0,297750,1191.0,36,True,0.0,125.0
train,normal,aaaaakhx_s001_t001.edf,aaaaakhx,250.0,298250,1193.0,36,True,0.0,125.0
train,normal,aaaaakhy_s002_t000.edf,aaaaakhy,250.0,401250,1605.0,30,True,0.0,125.0
train,normal,aaaaakid_s002_t000.edf,aaaaakid,250.0,366500,1466.0,30,True,0.0,125.0
train,normal,aaaaakif_s001_t000.edf,aaaaakif,250.0,300500,1202.0,36,True,0.0,125.0
train,normal,aaaaakif_s002_t000.edf,aaaaakif,250.0,301000,1204.0,36,True,0.0,125.0
train,normal,aaaaakig_s001_t000.edf,aaaaakig,250.0,300500,1202.0,36,True,0.0,125.0
train,normal,aaaaakik_s001_t000.edf,aaaaakik,250.0,301250,1205.0,36,True,0.0,125.0
train,normal,aaaaakik_s002_t001.edf,aaaaakik,250.0,301000,1204.0,36,True,0.0,125.0
train,normal,aaaaakiq_s001_t001.edf,aaaaakiq,250.0,297250,1189.0,36,True,0.0,125.0
train,normal,aaaaakiq_s003_t000.edf,aaaaakiq,250.0,331000,1324.0,30,True,0.0,125.0
train,normal,aaaaakir_s001_t001.edf,aaaaakir,250.0,297000,1188.0,36,True,0.0,125.0
train,normal,aaaaakiz_s001_t000.edf,aaaaakiz,250.0,303000,1212.0,36,True,0.0,125.0
train,normal,aaaaakjc_s001_t001.edf,aaaaakjc,250.0,287000,1148.0,36,True,0.0,125.0
train,normal,aaaaakji_s001_t002.edf,aaaaakji,250.0,286500,1146.0,36,True,0.0,125.0
train,normal,aaaaakjp_s001_t001.edf,aaaaakjp,250.0,296500,1186.0,36,True,0.0,125.0
train,normal,aaaaakjq_s001_t000.edf,aaaaakjq,250.0,300250,1201.0,36,True,0.0,125.0
train,normal,aaaaakku_s001_t000.edf,aaaaakku,250.0,347750,1391.0,36,True,0.0,125.0
train,normal,aaaaakkv_s001_t001.edf,aaaaakkv,250.0,296500,1186.0,36,True,0.0,125.0
train,normal,aaaaakkx_s001_t000.edf,aaaaakkx,250.0,345750,1383.0,36,True,0.0,125.0
train,normal,aaaaakkz_s001_t000.edf,aaaaakkz,250.0,372750,1491.0,36,True,0.0,125.0
train,normal,aaaaakla_s003_t000.edf,aaaaakla,250.0,331500,1326.0,36,True,0.0,125.0
train,normal,aaaaaklc_s002_t001.edf,aaaaaklc,250.0,739500,2958.0,36,True,0.0,125.0
train,normal,aaaaaklc_s003_t003.edf,aaaaaklc,250.0,295750,1183.0,36,True,0.0,125.0
train,normal,aaaaakle_s001_t001.edf,aaaaakle,250.0,308250,1233.0,36,True,0.0,125.0
train,normal,aaaaaklg_s001_t000.edf,aaaaaklg,250.0,305250,1221.0,36,True,0.0,125.0
train,normal,aaaaaklh_s001_t001.edf,aaaaaklh,250.0,343750,1375.0,36,True,0.0,125.0
train,normal,aaaaaklh_s002_t000.edf,aaaaaklh,250.0,301250,1205.0,36,True,0.0,125.0
train,normal,aaaaaklh_s003_t000.edf,aaaaaklh,250.0,349500,1398.0,36,True,0.0,125.0
train,normal,aaaaakli_s001_t001.edf,aaaaakli,250.0,300250,1201.0,36,True,0.0,125.0
train,normal,aaaaakme_s001_t000.edf,aaaaakme,250.0,378500,1514.0,36,True,0.0,125.0
train,normal,aaaaakme_s003_t001.edf,aaaaakme,250.0,298500,1194.0,36,True,0.0,125.0
train,normal,aaaaakmk_s001_t000.edf,aaaaakmk,250.0,337250,1349.0,36,True,0.0,125.0
train,normal,aaaaakmy_s001_t001.edf,aaaaakmy,250.0,307500,1230.0,36,True,0.0,125.0
train,normal,aaaaaknc_s002_t000.edf,aaaaaknc,250.0,301500,1206.0,36,True,0.0,125.0
train,normal,aaaaakne_s001_t000.edf,aaaaakne,250.0,329750,1319.0,36,True,0.0,125.0
train,normal,aaaaakne_s003_t001.edf,aaaaakne,250.0,310250,1241.0,30,True,0.0,125.0
train,normal,aaaaaknh_s001_t001.edf,aaaaaknh,250.0,383250,1533.0,36,True,0.0,125.0
train,normal,aaaaaknj_s001_t000.edf,aaaaaknj,250.0,352000,1408.0,36,True,0.0,125.0
train,normal,aaaaaknp_s001_t001.edf,aaaaaknp,250.0,294500,1178.0,36,True,0.0,125.0
train,normal,aaaaaknp_s002_t000.edf,aaaaaknp,250.0,405750,1623.0,30,True,0.0,125.0
train,normal,aaaaaknq_s001_t000.edf,aaaaaknq,250.0,302000,1208.0,36,True,0.0,125.0
train,normal,aaaaaknr_s001_t001.edf,aaaaaknr,250.0,299500,1198.0,36,True,0.0,125.0
train,normal,aaaaaknv_s001_t000.edf,aaaaaknv,250.0,315750,1263.0,36,True,0.0,125.0
train,normal,aaaaakoi_s001_t001.edf,aaaaakoi,250.0,296750,1187.0,36,True,0.0,125.0
train,normal,aaaaakok_s001_t001.edf,aaaaakok,250.0,301500,1206.0,36,True,0.0,125.0
train,normal,aaaaakol_s001_t001.edf,aaaaakol,250.0,299500,1198.0,36,True,0.0,125.0
train,normal,aaaaakov_s001_t000.edf,aaaaakov,250.0,354500,1418.0,36,True,0.0,125.0
train,normal,aaaaakow_s001_t000.edf,aaaaakow,250.0,304500,1218.0,36,True,0.0,125.0
train,normal,aaaaakpb_s001_t000.edf,aaaaakpb,250.0,346000,1384.0,36,True,0.0,125.0
train,normal,aaaaakpk_s001_t001.edf,aaaaakpk,250.0,295000,1180.0,36,True,0.0,125.0
train,normal,aaaaakpl_s001_t001.edf,aaaaakpl,250.0,294750,1179.0,36,True,0.0,125.0
train,normal,aaaaakpn_s001_t000.edf,aaaaakpn,250.0,305250,1221.0,36,True,0.0,125.0
train,normal,aaaaakpp_s001_t000.edf,aaaaakpp,250.0,300500,1202.0,36,True,0.0,125.0
train,normal,aaaaakps_s001_t000.edf,aaaaakps,250.0,301250,1205.0,36,True,0.0,125.0
train,normal,aaaaakpz_s001_t000.edf,aaaaakpz,250.0,374250,1497.0,36,True,0.0,125.0
train,normal,aaaaakqc_s001_t000.edf,aaaaakqc,250.0,362500,1450.0,36,True,0.0,125.0
train,normal,aaaaakqe_s001_t001.edf,aaaaakqe,250.0,314000,1256.0,36,True,0.0,125.0
train,normal,aaaaakqk_s001_t001.edf,aaaaakqk,250.0,295750,1183.0,36,True,0.0,125.0
train,normal,aaaaakqn_s001_t000.edf,aaaaakqn,250.0,300750,1203.0,36,True,0.0,125.0
train,normal,aaaaakqs_s001_t000.edf,aaaaakqs,250.0,305000,1220.0,36,True,0.0,125.0
train,normal,aaaaakqy_s001_t000.edf,aaaaakqy,250.0,301750,1207.0,36,True,0.0,125.0
train,normal,aaaaakrc_s001_t001.edf,aaaaakrc,250.0,310250,1241.0,36,True,0.0,125.0
train,normal,aaaaakrf_s001_t000.edf,aaaaakrf,250.0,363500,1454.0,36,True,0.0,125.0
train,normal,aaaaakrl_s001_t000.edf,aaaaakrl,250.0,346250,1385.0,36,True,0.0,125.0
train,normal,aaaaakrs_s001_t000.edf,aaaaakrs,250.0,381250,1525.0,36,True,0.0,125.0
train,normal,aaaaakrs_s002_t000.edf,aaaaakrs,250.0,337750,1351.0,36,True,0.0,125.0
train,normal,aaaaakru_s001_t000.edf,aaaaakru,250.0,303500,1214.0,36,True,0.0,125.0
train,normal,aaaaakrw_s001_t001.edf,aaaaakrw,250.0,302750,1211.0,36,True,0.0,125.0
train,normal,aaaaakry_s001_t000.edf,aaaaakry,250.0,302500,1210.0,36,True,0.0,125.0
train,normal,aaaaaksc_s001_t000.edf,aaaaaksc,250.0,300500,1202.0,36,True,0.0,125.0
train,normal,aaaaaksc_s004_t000.edf,aaaaaksc,250.0,421500,1686.0,30,True,0.0,125.0
train,normal,aaaaaksf_s001_t001.edf,aaaaaksf,250.0,297500,1190.0,36,True,0.0,125.0
train,normal,aaaaakth_s002_t002.edf,aaaaakth,250.0,254750,1019.0,30,True,0.0,125.0
train,normal,aaaaakth_s003_t000.edf,aaaaakth,250.0,300250,1201.0,30,True,0.0,125.0
train,normal,aaaaakto_s002_t000.edf,aaaaakto,250.0,303500,1214.0,36,True,0.0,125.0
train,normal,aaaaaktv_s001_t000.edf,aaaaaktv,250.0,331250,1325.0,36,True,0.0,125.0
train,normal,aaaaaktv_s002_t000.edf,aaaaaktv,250.0,321250,1285.0,36,True,0.0,125.0
train,normal,aaaaakty_s001_t001.edf,aaaaakty,250.0,296250,1185.0,36,True,0.0,125.0
train,normal,aaaaakua_s001_t005.edf,aaaaakua,250.0,298500,1194.0,36,True,0.0,125.0
train,normal,aaaaakub_s001_t000.edf,aaaaakub,250.0,311250,1245.0,36,True,0.0,125.0
train,normal,aaaaakue_s001_t000.edf,aaaaakue,250.0,302250,1209.0,36,True,0.0,125.0
train,normal,aaaaakun_s001_t000.edf,aaaaakun,250.0,337500,1350.0,36,True,0.0,125.0
train,normal,aaaaakup_s001_t000.edf,aaaaakup,250.0,301250,1205.0,36,True,0.0,125.0
train,normal,aaaaakus_s001_t000.edf,aaaaakus,250.0,302250,1209.0,36,True,0.0,125.0
train,normal,aaaaakuz_s001_t001.edf,aaaaakuz,250.0,300000,1200.0,36,True,0.0,125.0
train,normal,aaaaakuz_s002_t000.edf,aaaaakuz,250.0,310000,1240.0,36,True,0.0,125.0
train,normal,aaaaakuz_s003_t001.edf,aaaaakuz,250.0,293250,1173.0,36,True,0.0,125.0
train,normal,aaaaakvj_s001_t001.edf,aaaaakvj,250.0,296750,1187.0,36,True,0.0,125.0
train,normal,aaaaakvk_s001_t001.edf,aaaaakvk,250.0,297750,1191.0,36,True,0.0,125.0
train,normal,aaaaakvl_s001_t000.edf,aaaaakvl,250.0,376750,1507.0,36,True,0.0,125.0
train,normal,aaaaakvm_s001_t001.edf,aaaaakvm,250.0,303250,1213.0,36,True,0.0,125.0
train,normal,aaaaakvo_s001_t001.edf,aaaaakvo,250.0,299750,1199.0,36,True,0.0,125.0
train,normal,aaaaakvq_s002_t001.edf,aaaaakvq,250.0,301250,1205.0,36,True,0.0,125.0
train,normal,aaaaakvr_s001_t000.edf,aaaaakvr,250.0,368000,1472.0,36,True,0.0,125.0
train,normal,aaaaakvu_s001_t000.edf,aaaaakvu,250.0,354750,1419.0,36,True,0.0,125.0
train,normal,aaaaakvw_s001_t001.edf,aaaaakvw,250.0,297750,1191.0,36,True,0.0,125.0
train,normal,aaaaakwa_s001_t000.edf,aaaaakwa,250.0,321250,1285.0,36,True,0.0,125.0
train,normal,aaaaakwd_s001_t000.edf,aaaaakwd,250.0,302000,1208.0,36,True,0.0,125.0
train,normal,aaaaakwk_s001_t000.edf,aaaaakwk,250.0,301250,1205.0,36,True,0.0,125.0
train,normal,aaaaakwm_s001_t000.edf,aaaaakwm,250.0,448000,1792.0,36,True,0.0,125.0
train,normal,aaaaakws_s002_t000.edf,aaaaakws,250.0,352250,1409.0,36,True,0.0,125.0
train,normal,aaaaakwt_s002_t001.edf,aaaaakwt,250.0,309750,1239.0,36,True,0.0,125.0
train,normal,aaaaakwv_s001_t000.edf,aaaaakwv,250.0,371500,1486.0,36,True,0.0,125.0
train,normal,aaaaakwy_s001_t000.edf,aaaaakwy,250.0,338500,1354.0,36,True,0.0,125.0
train,normal,aaaaakwz_s001_t000.edf,aaaaakwz,250.0,355500,1422.0,36,True,0.0,125.0
train,normal,aaaaakxa_s001_t001.edf,aaaaakxa,250.0,301250,1205.0,36,True,0.0,125.0
train,normal,aaaaakxe_s001_t000.edf,aaaaakxe,250.0,300750,1203.0,36,True,0.0,125.0
train,normal,aaaaakxf_s002_t000.edf,aaaaakxf,250.0,382250,1529.0,30,True,0.0,125.0
train,normal,aaaaakxi_s001_t001.edf,aaaaakxi,250.0,253500,1014.0,36,True,0.0,125.0
train,normal,aaaaakxo_s001_t000.edf,aaaaakxo,250.0,302000,1208.0,36,True,0.0,125.0
train,normal,aaaaakxr_s001_t000.edf,aaaaakxr,250.0,300500,1202.0,36,True,0.0,125.0
train,normal,aaaaakxs_s001_t000.edf,aaaaakxs,250.0,304250,1217.0,36,True,0.0,125.0
train,normal,aaaaakxt_s001_t000.edf,aaaaakxt,250.0,302250,1209.0,36,True,0.0,125.0
train,normal,aaaaakyk_s001_t001.edf,aaaaakyk,250.0,297500,1190.0,36,True,0.0,125.0
train,normal,aaaaakyl_s001_t001.edf,aaaaakyl,250.0,296750,1187.0,36,True,0.0,125.0
train,normal,aaaaakyn_s002_t000.edf,aaaaakyn,250.0,378500,1514.0,30,True,0.0,125.0
train,normal,aaaaakyz_s003_t000.edf,aaaaakyz,250.0,346000,1384.0,30,True,0.0,125.0
train,normal,aaaaakyz_s007_t000.edf,aaaaakyz,250.0,312750,1251.0,30,True,0.0,125.0
train,normal,aaaaakzu_s001_t001.edf,aaaaakzu,250.0,294750,1179.0,36,True,0.0,125.0
train,normal,aaaaakzu_s003_t000.edf,aaaaakzu,250.0,335250,1341.0,30,True,0.0,125.0
train,normal,aaaaakzx_s003_t001.edf,aaaaakzx,250.0,339750,1359.0,30,True,0.0,125.0
train,normal,aaaaakzz_s001_t001.edf,aaaaakzz,250.0,298250,1193.0,36,True,0.0,125.0
train,normal,aaaaalad_s002_t000.edf,aaaaalad,250.0,359000,1436.0,30,True,0.0,125.0
train,normal,aaaaalap_s001_t000.edf,aaaaalap,250.0,301000,1204.0,36,True,0.0,125.0
train,normal,aaaaalaq_s001_t001.edf,aaaaalaq,250.0,295000,1180.0,36,True,0.0,125.0
train,normal,aaaaalas_s001_t001.edf,aaaaalas,250.0,296250,1185.0,36,True,0.0,125.0
train,normal,aaaaalay_s001_t000.edf,aaaaalay,250.0,352500,1410.0,36,True,0.0,125.0
train,normal,aaaaalaz_s001_t000.edf,aaaaalaz,250.0,360500,1442.0,36,True,0.0,125.0
train,normal,aaaaalbd_s001_t001.edf,aaaaalbd,250.0,295250,1181.0,36,True,0.0,125.0
train,normal,aaaaalbe_s001_t000.edf,aaaaalbe,250.0,306000,1224.0,36,True,0.0,125.0
train,normal,aaaaalbk_s003_t000.edf,aaaaalbk,250.0,303000,1212.0,36,True,0.0,125.0
train,normal,aaaaalbm_s001_t000.edf,aaaaalbm,250.0,376000,1504.0,36,True,0.0,125.0
train,normal,aaaaalbo_s001_t001.edf,aaaaalbo,250.0,310500,1242.0,36,True,0.0,125.0
train,normal,aaaaalbq_s001_t000.edf,aaaaalbq,250.0,361000,1444.0,36,True,0.0,125.0
train,normal,aaaaalbs_s001_t000.edf,aaaaalbs,250.0,303000,1212.0,36,True,0.0,125.0
train,normal,aaaaalbw_s001_t000.edf,aaaaalbw,250.0,356000,1424.0,36,True,0.0,125.0
train,normal,aaaaalby_s001_t001.edf,aaaaalby,250.0,294750,1179.0,36,True,0.0,125.0
train,normal,aaaaalby_s003_t000.edf,aaaaalby,250.0,331000,1324.0,30,True,0.0,125.0
train,normal,aaaaalcg_s001_t000.edf,aaaaalcg,250.0,305000,1220.0,36,True,0.0,125.0
train,normal,aaaaalco_s001_t000.edf,aaaaalco,250.0,300750,1203.0,36,True,0.0,125.0
train,normal,aaaaalco_s002_t000.edf,aaaaalco,250.0,302000,1208.0,36,True,0.0,125.0
train,normal,aaaaalcr_s001_t001.edf,aaaaalcr,250.0,295000,1180.0,36,True,0.0,125.0
train,normal,aaaaalcs_s001_t001.edf,aaaaalcs,250.0,347750,1391.0,36,True,0.0,125.0
train,normal,aaaaalcw_s001_t000.edf,aaaaalcw,250.0,343250,1373.0,36,True,0.0,125.0
train,normal,aaaaalcx_s001_t000.edf,aaaaalcx,250.0,309250,1237.0,36,True,0.0,125.0
train,normal,aaaaalcy_s001_t000.edf,aaaaalcy,250.0,321500,1286.0,36,True,0.0,125.0
train,normal,aaaaalcy_s002_t000.edf,aaaaalcy,250.0,301000,1204.0,31,True,0.0,125.0
train,normal,aaaaalde_s002_t001.edf,aaaaalde,250.0,313500,1254.0,36,True,0.0,125.0
train,normal,aaaaalds_s001_t000.edf,aaaaalds,250.0,301750,1207.0,36,True,0.0,125.0
train,normal,aaaaalec_s001_t000.edf,aaaaalec,250.0,301750,1207.0,36,True,0.0,125.0
train,normal,aaaaaler_s003_t000.edf,aaaaaler,250.0,309250,1237.0,30,True,0.0,125.0
train,normal,aaaaaleu_s002_t001.edf,aaaaaleu,250.0,296750,1187.0,36,True,0.0,125.0
train,normal,aaaaalfu_s001_t000.edf,aaaaalfu,250.0,301000,1204.0,36,True,0.0,125.0
train,normal,aaaaalfw_s001_t000.edf,aaaaalfw,250.0,302500,1210.0,36,True,0.0,125.0
train,normal,aaaaalgc_s001_t000.edf,aaaaalgc,250.0,301000,1204.0,36,True,0.0,125.0
train,normal,aaaaalgd_s001_t000.edf,aaaaalgd,250.0,395250,1581.0,36,True,0.0,125.0
train,normal,aaaaalge_s001_t000.edf,aaaaalge,250.0,368250,1473.0,36,True,0.0,125.0
train,normal,aaaaalgg_s001_t000.edf,aaaaalgg,250.0,330000,1320.0,36,True,0.0,125.0
train,normal,aaaaalgn_s001_t000.edf,aaaaalgn,250.0,375000,1500.0,36,True,0.0,125.0
train,normal,aaaaalgv_s001_t000.edf,aaaaalgv,250.0,301000,1204.0,36,True,0.0,125.0
train,normal,aaaaalhd_s001_t000.edf,aaaaalhd,250.0,347500,1390.0,36,True,0.0,125.0
train,normal,aaaaalhi_s001_t000.edf,aaaaalhi,250.0,301500,1206.0,36,True,0.0,125.0
train,normal,aaaaalhi_s002_t000.edf,aaaaalhi,250.0,304000,1216.0,36,True,0.0,125.0
train,normal,aaaaalhj_s001_t000.edf,aaaaalhj,250.0,359750,1439.0,36,True,0.0,125.0
train,normal,aaaaalhk_s001_t000.edf,aaaaalhk,250.0,334250,1337.0,36,True,0.0,125.0
train,normal,aaaaalhq_s001_t001.edf,aaaaalhq,250.0,297750,1191.0,36,True,0.0,125.0
train,normal,aaaaalhs_s001_t000.edf,aaaaalhs,250.0,317000,1268.0,36,True,0.0,125.0
train,normal,aaaaalhx_s001_t000.edf,aaaaalhx,250.0,302250,1209.0,36,True,0.0,125.0
train,normal,aaaaalhz_s001_t000.edf,aaaaalhz,250.0,357250,1429.0,36,True,0.0,125.0
train,normal,aaaaalic_s001_t000.edf,aaaaalic,250.0,315750,1263.0,36,True,0.0,125.0
train,normal,aaaaalie_s001_t000.edf,aaaaalie,250.0,305500,1222.0,36,True,0.0,125.0
train,normal,aaaaalip_s001_t000.edf,aaaaalip,250.0,405750,1623.0,36,True,0.0,125.0
train,normal,aaaaalis_s001_t000.edf,aaaaalis,250.0,356750,1427.0,36,True,0.0,125.0
train,normal,aaaaalis_s002_t000.edf,aaaaalis,250.0,317000,1268.0,36,True,0.0,125.0
train,normal,aaaaalix_s001_t000.edf,aaaaalix,250.0,328250,1313.0,36,True,0.0,125.0
train,normal,aaaaaljh_s001_t000.edf,aaaaaljh,250.0,363250,1453.0,36,True,0.0,125.0
train,normal,aaaaalji_s001_t000.edf,aaaaalji,250.0,372250,1489.0,36,True,0.0,125.0
train,normal,aaaaaljt_s001_t000.edf,aaaaaljt,250.0,389000,1556.0,36,True,0.0,125.0
train,normal,aaaaalkh_s001_t000.edf,aaaaalkh,250.0,876750,3507.0,36,True,0.0,125.0
train,normal,aaaaalkm_s001_t000.edf,aaaaalkm,250.0,303000,1212.0,36,True,0.0,125.0
train,normal,aaaaalkt_s001_t000.edf,aaaaalkt,250.0,300500,1202.0,36,True,0.0,125.0
train,normal,aaaaalla_s001_t001.edf,aaaaalla,250.0,272000,1088.0,36,True,0.0,125.0
train,normal,aaaaalli_s001_t000.edf,aaaaalli,250.0,330750,1323.0,36,True,0.0,125.0
train,normal,aaaaallr_s001_t000.edf,aaaaallr,250.0,361000,1444.0,36,True,0.0,125.0
train,normal,aaaaallu_s001_t001.edf,aaaaallu,250.0,297000,1188.0,36,True,0.0,125.0
train,normal,aaaaallv_s001_t001.edf,aaaaallv,250.0,300500,1202.0,36,True,0.0,125.0
train,normal,aaaaally_s001_t000.edf,aaaaally,250.0,300500,1202.0,36,True,0.0,125.0
train,normal,aaaaalmb_s001_t001.edf,aaaaalmb,250.0,296000,1184.0,36,True,0.0,125.0
train,normal,aaaaalmf_s002_t000.edf,aaaaalmf,250.0,300500,1202.0,36,True,0.0,125.0
train,normal,aaaaalmg_s001_t000.edf,aaaaalmg,250.0,355750,1423.0,36,True,0.0,125.0
train,normal,aaaaalmi_s001_t001.edf,aaaaalmi,250.0,356250,1425.0,36,True,0.0,125.0
train,normal,aaaaalmj_s001_t000.edf,aaaaalmj,250.0,371750,1487.0,36,True,0.0,125.0
train,normal,aaaaalmj_s002_t002.edf,aaaaalmj,250.0,352500,1410.0,36,True,0.0,125.0
train,normal,aaaaalmj_s003_t001.edf,aaaaalmj,256.0,309504,1209.0,33,True,0.0,128.0
train,normal,aaaaalnc_s001_t001.edf,aaaaalnc,250.0,301250,1205.0,36,True,0.0,125.0
train,normal,aaaaalnf_s001_t000.edf,aaaaalnf,250.0,346500,1386.0,36,True,0.0,125.0
train,normal,aaaaalnr_s001_t001.edf,aaaaalnr,250.0,297750,1191.0,36,True,0.0,125.0
train,normal,aaaaalnu_s001_t000.edf,aaaaalnu,250.0,303250,1213.0,36,True,0.0,125.0
train,normal,aaaaaloe_s001_t000.edf,aaaaaloe,250.0,301500,1206.0,36,True,0.0,125.0
train,normal,aaaaaloi_s001_t001.edf,aaaaaloi,250.0,301000,1204.0,36,True,0.0,125.0
train,normal,aaaaalou_s001_t001.edf,aaaaalou,250.0,296500,1186.0,36,True,0.0,125.0
train,normal,aaaaalov_s001_t001.edf,aaaaalov,250.0,296750,1187.0,36,True,0.0,125.0
train,normal,aaaaalpd_s001_t000.edf,aaaaalpd,250.0,310500,1242.0,36,True,0.0,125.0
train,normal,aaaaalpe_s002_t000.edf,aaaaalpe,250.0,306000,1224.0,36,True,0.0,125.0
train,normal,aaaaalph_s001_t000.edf,aaaaalph,250.0,301250,1205.0,36,True,0.0,125.0
train,normal,aaaaalpl_s001_t001.edf,aaaaalpl,250.0,351000,1404.0,36,True,0.0,125.0
train,normal,aaaaalpq_s001_t000.edf,aaaaalpq,250.0,360500,1442.0,36,True,0.0,125.0
train,normal,aaaaalqm_s002_t000.edf,aaaaalqm,250.0,303000,1212.0,30,True,0.0,125.0
train,normal,aaaaalqt_s001_t001.edf,aaaaalqt,250.0,295250,1181.0,36,True,0.0,125.0
train,normal,aaaaalqv_s001_t000.edf,aaaaalqv,250.0,309250,1237.0,36,True,0.0,125.0
train,normal,aaaaalqy_s001_t000.edf,aaaaalqy,250.0,337750,1351.0,36,True,0.0,125.0
train,normal,aaaaalre_s002_t000.edf,aaaaalre,250.0,390500,1562.0,36,True,0.0,125.0
train,normal,aaaaalrt_s001_t000.edf,aaaaalrt,250.0,300750,1203.0,36,True,0.0,125.0
train,normal,aaaaalrt_s002_t000.edf,aaaaalrt,250.0,346250,1385.0,30,True,0.0,125.0
train,normal,aaaaalrv_s001_t000.edf,aaaaalrv,250.0,357000,1428.0,36,True,0.0,125.0
train,normal,aaaaalrz_s001_t000.edf,aaaaalrz,250.0,301500,1206.0,36,True,0.0,125.0
train,normal,aaaaalsr_s002_t000.edf,aaaaalsr,250.0,359000,1436.0,36,True,0.0,125.0
train,normal,aaaaalsz_s002_t000.edf,aaaaalsz,250.0,350250,1401.0,36,True,0.0,125.0
train,normal,aaaaalsz_s003_t000.edf,aaaaalsz,250.0,336250,1345.0,30,True,0.0,125.0
train,normal,aaaaaltg_s002_t000.edf,aaaaaltg,250.0,319250,1277.0,30,True,0.0,125.0
train,normal,aaaaalth_s002_t001.edf,aaaaalth,250.0,350750,1403.0,36,True,0.0,125.0
train,normal,aaaaaluf_s001_t000.edf,aaaaaluf,250.0,302250,1209.0,36,True,0.0,125.0
train,normal,aaaaalun_s001_t001.edf,aaaaalun,250.0,297750,1191.0,36,True,0.0,125.0
train,normal,aaaaalup_s001_t001.edf,aaaaalup,250.0,297750,1191.0,36,True,0.0,125.0
train,normal,aaaaaluw_s001_t001.edf,aaaaaluw,250.0,296750,1187.0,36,True,0.0,125.0
train,normal,aaaaalux_s001_t000.edf,aaaaalux,250.0,300750,1203.0,36,True,0.0,125.0
train,normal,aaaaalvc_s001_t000.edf,aaaaalvc,250.0,302000,1208.0,36,True,0.0,125.0
train,normal,aaaaalvg_s001_t000.edf,aaaaalvg,250.0,351250,1405.0,36,True,0.0,125.0
train,normal,aaaaalvg_s002_t000.edf,aaaaalvg,250.0,349250,1397.0,30,True,0.0,125.0
train,normal,aaaaalvg_s003_t000.edf,aaaaalvg,250.0,400500,1602.0,30,True,0.0,125.0
train,normal,aaaaalvh_s001_t000.edf,aaaaalvh,250.0,313500,1254.0,36,True,0.0,125.0
train,normal,aaaaalvk_s001_t000.edf,aaaaalvk,250.0,300750,1203.0,36,True,0.0,125.0
train,normal,aaaaalvl_s001_t000.edf,aaaaalvl,250.0,350750,1403.0,36,True,0.0,125.0
train,normal,aaaaalvl_s002_t000.edf,aaaaalvl,250.0,421250,1685.0,30,True,0.0,125.0
train,normal,aaaaalvt_s001_t001.edf,aaaaalvt,250.0,295000,1180.0,36,True,0.0,125.0
train,normal,aaaaalvv_s001_t000.edf,aaaaalvv,250.0,300750,1203.0,36,True,0.0,125.0
train,normal,aaaaalwb_s003_t000.edf,aaaaalwb,250.0,311250,1245.0,30,True,0.0,125.0
train,normal,aaaaalwh_s001_t001.edf,aaaaalwh,250.0,296250,1185.0,36,True,0.0,125.0
train,normal,aaaaalwm_s001_t001.edf,aaaaalwm,250.0,300000,1200.0,36,True,0.0,125.0
train,normal,aaaaalww_s001_t000.edf,aaaaalww,250.0,301000,1204.0,36,True,0.0,125.0
train,normal,aaaaalxl_s001_t001.edf,aaaaalxl,250.0,297750,1191.0,36,True,0.0,125.0
train,normal,aaaaalxr_s001_t000.edf,aaaaalxr,250.0,349500,1398.0,36,True,0.0,125.0
train,normal,aaaaalxu_s001_t000.edf,aaaaalxu,250.0,354500,1418.0,36,True,0.0,125.0
train,normal,aaaaalxx_s002_t000.edf,aaaaalxx,250.0,326750,1307.0,30,True,0.0,125.0
train,normal,aaaaalyb_s001_t000.edf,aaaaalyb,250.0,349500,1398.0,36,True,0.0,125.0
train,normal,aaaaalyk_s001_t001.edf,aaaaalyk,250.0,491500,1966.0,36,True,0.0,125.0
train,normal,aaaaalyq_s001_t000.edf,aaaaalyq,250.0,303750,1215.0,36,True,0.0,125.0
train,normal,aaaaalyw_s001_t001.edf,aaaaalyw,250.0,299750,1199.0,36,True,0.0,125.0
train,normal,aaaaalyz_s001_t000.edf,aaaaalyz,250.0,301500,1206.0,36,True,0.0,125.0
train,normal,aaaaalzb_s001_t001.edf,aaaaalzb,250.0,301000,1204.0,36,True,0.0,125.0
train,normal,aaaaalzc_s001_t001.edf,aaaaalzc,250.0,295000,1180.0,36,True,0.0,125.0
train,normal,aaaaalzg_s001_t000.edf,aaaaalzg,250.0,301250,1205.0,36,True,0.0,125.0
train,normal,aaaaalzg_s002_t000.edf,aaaaalzg,250.0,346500,1386.0,31,True,0.0,125.0
train,normal,aaaaalzg_s003_t001.edf,aaaaalzg,256.0,275712,1077.0,34,True,0.0,128.0
train,normal,aaaaalzg_s009_t000.edf,aaaaalzg,250.0,308000,1232.0,30,True,0.0,125.0
train,normal,aaaaalzp_s001_t001.edf,aaaaalzp,250.0,314250,1257.0,36,True,0.0,125.0
train,normal,aaaaalzq_s003_t000.edf,aaaaalzq,250.0,303500,1214.0,36,True,0.0,125.0
train,normal,aaaaalzz_s002_t000.edf,aaaaalzz,250.0,343500,1374.0,30,True,0.0,125.0
train,normal,aaaaamac_s001_t000.edf,aaaaamac,250.0,350750,1403.0,36,True,0.0,125.0
train,normal,aaaaamad_s001_t001.edf,aaaaamad,250.0,303750,1215.0,36,True,0.0,125.0
train,normal,aaaaamae_s003_t000.edf,aaaaamae,250.0,409750,1639.0,30,True,0.0,125.0
train,normal,aaaaamai_s001_t001.edf,aaaaamai,250.0,298250,1193.0,36,True,0.0,125.0
train,normal,aaaaambe_s001_t001.edf,aaaaambe,250.0,299500,1198.0,36,True,0.0,125.0
train,normal,aaaaambh_s001_t001.edf,aaaaambh,250.0,297500,1190.0,36,True,0.0,125.0
train,normal,aaaaambs_s001_t000.edf,aaaaambs,250.0,355750,1423.0,36,True,0.0,125.0
train,normal,aaaaambs_s003_t000.edf,aaaaambs,256.0,376576,1471.0,28,True,0.0,128.0
train,normal,aaaaambt_s001_t000.edf,aaaaambt,250.0,301000,1204.0,36,True,0.0,125.0
train,normal,aaaaambz_s001_t001.edf,aaaaambz,250.0,297500,1190.0,36,True,0.0,125.0
train,normal,aaaaamcf_s002_t000.edf,aaaaamcf,250.0,324000,1296.0,30,True,0.0,125.0
train,normal,aaaaamcg_s001_t000.edf,aaaaamcg,250.0,339500,1358.0,36,True,0.0,125.0
train,normal,aaaaamcl_s001_t000.edf,aaaaamcl,250.0,385250,1541.0,36,True,0.0,125.0
train,normal,aaaaamco_s001_t000.edf,aaaaamco,250.0,363000,1452.0,36,True,0.0,125.0
train,normal,aaaaamcu_s003_t001.edf,aaaaamcu,250.0,351750,1407.0,30,True,0.0,125.0
train,normal,aaaaamcx_s001_t000.edf,aaaaamcx,250.0,360750,1443.0,36,True,0.0,125.0
train,normal,aaaaamdd_s001_t000.edf,aaaaamdd,250.0,304750,1219.0,36,True,0.0,125.0
train,normal,aaaaamdh_s001_t001.edf,aaaaamdh,250.0,299000,1196.0,36,True,0.0,125.0
train,normal,aaaaamdh_s003_t001.edf,aaaaamdh,250.0,326000,1304.0,36,True,0.0,125.0
train,normal,aaaaamdj_s001_t000.edf,aaaaamdj,250.0,308250,1233.0,36,True,0.0,125.0
train,normal,aaaaamdn_s001_t001.edf,aaaaamdn,250.0,297250,1189.0,36,True,0.0,125.0
train,normal,aaaaamdo_s002_t000.edf,aaaaamdo,250.0,360500,1442.0,36,True,0.0,125.0
train,normal,aaaaamds_s001_t000.edf,aaaaamds,250.0,301000,1204.0,36,True,0.0,125.0
train,normal,aaaaamdu_s001_t001.edf,aaaaamdu,250.0,325500,1302.0,36,True,0.0,125.0
train,normal,aaaaamdv_s002_t001.edf,aaaaamdv,250.0,395250,1581.0,31,True,0.0,125.0
train,normal,aaaaamdw_s001_t001.edf,aaaaamdw,250.0,297250,1189.0,36,True,0.0,125.0
train,normal,aaaaameb_s001_t000.edf,aaaaameb,250.0,301000,1204.0,36,True,0.0,125.0
train,normal,aaaaamec_s001_t000.edf,aaaaamec,250.0,301750,1207.0,36,True,0.0,125.0
train,normal,aaaaamed_s001_t000.edf,aaaaamed,250.0,311750,1247.0,36,True,0.0,125.0
train,normal,aaaaamee_s001_t000.edf,aaaaamee,250.0,364500,1458.0,36,True,0.0,125.0
train,normal,aaaaameg_s001_t000.edf,aaaaameg,250.0,344000,1376.0,36,True,0.0,125.0
train,normal,aaaaameh_s001_t001.edf,aaaaameh,250.0,300500,1202.0,36,True,0.0,125.0
train,normal,aaaaamei_s001_t000.edf,aaaaamei,250.0,308500,1234.0,36,True,0.0,125.0
train,normal,aaaaameq_s001_t001.edf,aaaaameq,250.0,384750,1539.0,36,True,0.0,125.0
train,normal,aaaaames_s001_t000.edf,aaaaames,250.0,312750,1251.0,36,True,0.0,125.0
train,normal,aaaaamet_s001_t001.edf,aaaaamet,250.0,312500,1250.0,36,True,0.0,125.0
train,normal,aaaaamew_s001_t000.edf,aaaaamew,250.0,304250,1217.0,36,True,0.0,125.0
train,normal,aaaaamex_s002_t000.edf,aaaaamex,250.0,308000,1232.0,36,True,0.0,125.0
train,normal,aaaaamez_s001_t001.edf,aaaaamez,250.0,297500,1190.0,36,True,0.0,125.0
train,normal,aaaaamfa_s001_t001.edf,aaaaamfa,250.0,296750,1187.0,36,True,0.0,125.0
train,normal,aaaaamfb_s001_t000.edf,aaaaamfb,250.0,302500,1210.0,36,True,0.0,125.0
train,normal,aaaaamfp_s001_t000.edf,aaaaamfp,250.0,300750,1203.0,36,True,0.0,125.0
train,normal,aaaaamfq_s001_t000.edf,aaaaamfq,250.0,291250,1165.0,36,True,0.0,125.0
train,normal,aaaaamfs_s001_t000.edf,aaaaamfs,250.0,287750,1151.0,36,True,0.0,125.0
train,normal,aaaaamfs_s002_t000.edf,aaaaamfs,250.0,300750,1203.0,36,True,0.0,125.0
train,normal,aaaaamfy_s001_t000.edf,aaaaamfy,250.0,297000,1188.0,36,True,0.0,125.0
train,normal,aaaaamgb_s001_t000.edf,aaaaamgb,250.0,308000,1232.0,36,True,0.0,125.0
train,normal,aaaaamgb_s002_t000.edf,aaaaamgb,250.0,337750,1351.0,36,True,0.0,125.0
train,normal,aaaaamgg_s001_t000.edf,aaaaamgg,250.0,341000,1364.0,36,True,0.0,125.0
train,normal,aaaaamgh_s001_t000.edf,aaaaamgh,250.0,307750,1231.0,36,True,0.0,125.0
train,normal,aaaaamgk_s001_t000.edf,aaaaamgk,250.0,300500,1202.0,36,True,0.0,125.0
train,normal,aaaaamgl_s001_t000.edf,aaaaamgl,250.0,350750,1403.0,36,True,0.0,125.0
train,normal,aaaaamgm_s001_t000.edf,aaaaamgm,250.0,301500,1206.0,36,True,0.0,125.0
train,normal,aaaaamgn_s001_t000.edf,aaaaamgn,250.0,301250,1205.0,36,True,0.0,125.0
train,normal,aaaaamgo_s001_t000.edf,aaaaamgo,250.0,346000,1384.0,36,True,0.0,125.0
train,normal,aaaaamgs_s001_t000.edf,aaaaamgs,250.0,349500,1398.0,36,True,0.0,125.0
train,normal,aaaaamgx_s001_t000.edf,aaaaamgx,250.0,365250,1461.0,36,True,0.0,125.0
train,normal,aaaaamha_s001_t000.edf,aaaaamha,250.0,349250,1397.0,36,True,0.0,125.0
train,normal,aaaaamhc_s001_t000.edf,aaaaamhc,250.0,348750,1395.0,36,True,0.0,125.0
train,normal,aaaaamhf_s001_t000.edf,aaaaamhf,250.0,306500,1226.0,36,True,0.0,125.0
train,normal,aaaaamhh_s001_t000.edf,aaaaamhh,256.0,307968,1203.0,34,True,0.0,128.0
train,normal,aaaaamhh_s002_t000.edf,aaaaamhh,250.0,360500,1442.0,30,True,0.0,125.0
train,normal,aaaaamhl_s001_t000.edf,aaaaamhl,250.0,300500,1202.0,36,True,0.0,125.0
train,normal,aaaaamhl_s002_t000.edf,aaaaamhl,250.0,305500,1222.0,31,True,0.0,125.0
train,normal,aaaaamhp_s001_t000.edf,aaaaamhp,250.0,303000,1212.0,36,True,0.0,125.0
train,normal,aaaaamht_s001_t000.edf,aaaaamht,250.0,359250,1437.0,36,True,0.0,125.0
train,normal,aaaaamhw_s001_t000.edf,aaaaamhw,250.0,362750,1451.0,36,True,0.0,125.0
train,normal,aaaaamhx_s001_t001.edf,aaaaamhx,250.0,287750,1151.0,36,True,0.0,125.0
train,normal,aaaaamib_s001_t000.edf,aaaaamib,250.0,301000,1204.0,36,True,0.0,125.0
train,normal,aaaaamib_s002_t002.edf,aaaaamib,250.0,272750,1091.0,36,True,0.0,125.0
train,normal,aaaaamin_s002_t000.edf,aaaaamin,250.0,356500,1426.0,36,True,0.0,125.0
train,normal,aaaaamir_s001_t000.edf,aaaaamir,250.0,300750,1203.0,36,True,0.0,125.0
train,normal,aaaaamja_s001_t000.edf,aaaaamja,250.0,304000,1216.0,36,True,0.0,125.0
train,normal,aaaaamje_s001_t000.edf,aaaaamje,250.0,332750,1331.0,36,True,0.0,125.0
train,normal,aaaaamjf_s001_t000.edf,aaaaamjf,250.0,302000,1208.0,36,True,0.0,125.0
train,normal,aaaaamjg_s001_t000.edf,aaaaamjg,250.0,300500,1202.0,36,True,0.0,125.0
train,normal,aaaaamji_s001_t000.edf,aaaaamji,250.0,301000,1204.0,36,True,0.0,125.0
train,normal,aaaaamjk_s002_t000.edf,aaaaamjk,250.0,375500,1502.0,36,True,0.0,125.0
train,normal,aaaaamjm_s001_t000.edf,aaaaamjm,250.0,301250,1205.0,36,True,0.0,125.0
train,normal,aaaaamjs_s001_t000.edf,aaaaamjs,250.0,300750,1203.0,36,True,0.0,125.0
train,normal,aaaaamju_s001_t000.edf,aaaaamju,250.0,303500,1214.0,36,True,0.0,125.0
train,normal,aaaaamju_s002_t019.edf,aaaaamju,250.0,262250,1049.0,36,True,0.0,125.0
train,normal,aaaaamkd_s001_t000.edf,aaaaamkd,250.0,309000,1236.0,36,True,0.0,125.0
train,normal,aaaaamkf_s001_t000.edf,aaaaamkf,256.0,308224,1204.0,34,True,0.0,128.0
train,normal,aaaaamko_s001_t000.edf,aaaaamko,250.0,301500,1206.0,36,True,0.0,125.0
train,normal,aaaaamkq_s001_t000.edf,aaaaamkq,250.0,303750,1215.0,36,True,0.0,125.0
train,normal,aaaaamkr_s001_t000.edf,aaaaamkr,250.0,301750,1207.0,36,True,0.0,125.0
train,normal,aaaaamkx_s001_t000.edf,aaaaamkx,250.0,362750,1451.0,36,True,0.0,125.0
train,normal,aaaaamky_s001_t000.edf,aaaaamky,250.0,368500,1474.0,36,True,0.0,125.0
train,normal,aaaaamld_s001_t000.edf,aaaaamld,256.0,309248,1208.0,34,True,0.0,128.0
train,normal,aaaaamle_s001_t000.edf,aaaaamle,250.0,352000,1408.0,36,True,0.0,125.0
train,normal,aaaaamlf_s002_t001.edf,aaaaamlf,250.0,614000,2456.0,36,True,0.0,125.0
train,normal,aaaaamli_s001_t001.edf,aaaaamli,250.0,300750,1203.0,36,True,0.0,125.0
train,normal,aaaaamlm_s001_t000.edf,aaaaamlm,250.0,311750,1247.0,36,True,0.0,125.0
train,normal,aaaaamlo_s001_t000.edf,aaaaamlo,250.0,301250,1205.0,36,True,0.0,125.0
train,normal,aaaaamly_s001_t001.edf,aaaaamly,250.0,299500,1198.0,36,True,0.0,125.0
train,normal,aaaaammb_s001_t000.edf,aaaaammb,250.0,301750,1207.0,36,True,0.0,125.0
train,normal,aaaaammg_s001_t000.edf,aaaaammg,250.0,354000,1416.0,36,True,0.0,125.0
train,normal,aaaaammj_s001_t000.edf,aaaaammj,250.0,309250,1237.0,36,True,0.0,125.0
train,normal,aaaaammk_s001_t000.edf,aaaaammk,250.0,362500,1450.0,36,True,0.0,125.0
train,normal,aaaaammm_s001_t001.edf,aaaaammm,250.0,301500,1206.0,36,True,0.0,125.0
train,normal,aaaaammn_s001_t000.edf,aaaaammn,250.0,309500,1238.0,36,True,0.0,125.0
train,normal,aaaaammq_s002_t000.edf,aaaaammq,250.0,358500,1434.0,30,True,0.0,125.0
train,normal,aaaaamms_s001_t001.edf,aaaaamms,250.0,297000,1188.0,36,True,0.0,125.0
train,normal,aaaaamnh_s001_t000.edf,aaaaamnh,250.0,304500,1218.0,30,True,0.0,125.0
train,normal,aaaaamni_s001_t000.edf,aaaaamni,250.0,304250,1217.0,30,True,0.0,125.0
train,normal,aaaaamnj_s001_t000.edf,aaaaamnj,250.0,362250,1449.0,30,True,0.0,125.0
train,normal,aaaaamnj_s003_t000.edf,aaaaamnj,250.0,382000,1528.0,30,True,0.0,125.0
train,normal,aaaaamnl_s001_t001.edf,aaaaamnl,256.0,358912,1402.0,34,True,0.0,128.0
train,normal,aaaaamnl_s002_t000.edf,aaaaamnl,250.0,333750,1335.0,36,True,0.0,125.0
train,normal,aaaaamnn_s001_t000.edf,aaaaamnn,250.0,377750,1511.0,30,True,0.0,125.0
train,normal,aaaaamnw_s001_t000.edf,aaaaamnw,250.0,470750,1883.0,36,True,0.0,125.0
train,normal,aaaaamnx_s001_t000.edf,aaaaamnx,250.0,303500,1214.0,30,True,0.0,125.0
train,normal,aaaaamnz_s001_t000.edf,aaaaamnz,250.0,301000,1204.0,30,True,0.0,125.0
train,normal,aaaaamob_s001_t000.edf,aaaaamob,250.0,439750,1759.0,30,True,0.0,125.0
train,normal,aaaaamob_s002_t007.edf,aaaaamob,256.0,285696,1116.0,33,True,0.0,128.0
train,normal,aaaaamob_s003_t001.edf,aaaaamob,256.0,541440,2115.0,33,True,0.0,128.0
train,normal,aaaaamoc_s001_t000.edf,aaaaamoc,250.0,385000,1540.0,36,True,0.0,125.0
train,normal,aaaaamoc_s002_t000.edf,aaaaamoc,250.0,337500,1350.0,30,True,0.0,125.0
train,normal,aaaaamoc_s003_t000.edf,aaaaamoc,250.0,369750,1479.0,30,True,0.0,125.0
train,normal,aaaaamog_s001_t000.edf,aaaaamog,250.0,354500,1418.0,30,True,0.0,125.0
train,normal,aaaaamog_s002_t000.edf,aaaaamog,250.0,376750,1507.0,36,True,0.0,125.0
train,normal,aaaaamoo_s001_t000.edf,aaaaamoo,250.0,346250,1385.0,36,True,0.0,125.0
train,normal,aaaaamoq_s001_t000.edf,aaaaamoq,250.0,304250,1217.0,36,True,0.0,125.0
train,normal,aaaaamoq_s002_t000.edf,aaaaamoq,250.0,351250,1405.0,30,True,0.0,125.0
train,normal,aaaaamor_s001_t000.edf,aaaaamor,250.0,301750,1207.0,36,True,0.0,125.0
train,normal,aaaaamot_s001_t001.edf,aaaaamot,250.0,456500,1826.0,36,True,0.0,125.0
train,normal,aaaaamov_s001_t000.edf,aaaaamov,250.0,368250,1473.0,36,True,0.0,125.0
train,normal,aaaaamoz_s001_t000.edf,aaaaamoz,250.0,361000,1444.0,36,True,0.0,125.0
train,normal,aaaaampa_s001_t000.edf,aaaaampa,250.0,301000,1204.0,36,True,0.0,125.0
train,normal,aaaaampm_s001_t000.edf,aaaaampm,250.0,347250,1389.0,30,True,0.0,125.0
train,normal,aaaaampm_s002_t000.edf,aaaaampm,250.0,423000,1692.0,30,True,0.0,125.0
train,normal,aaaaampv_s001_t000.edf,aaaaampv,250.0,301000,1204.0,36,True,0.0,125.0
train,normal,aaaaampw_s001_t000.edf,aaaaampw,250.0,346000,1384.0,36,True,0.0,125.0
train,normal,aaaaamqb_s001_t000.edf,aaaaamqb,250.0,301750,1207.0,30,True,0.0,125.0
train,normal,aaaaamqc_s001_t000.edf,aaaaamqc,250.0,302000,1208.0,36,True,0.0,125.0
train,normal,aaaaamqe_s001_t000.edf,aaaaamqe,250.0,300750,1203.0,36,True,0.0,125.0
train,normal,aaaaamqr_s001_t000.edf,aaaaamqr,250.0,303250,1213.0,30,True,0.0,125.0
train,normal,aaaaamqu_s001_t000.edf,aaaaamqu,250.0,350250,1401.0,36,True,0.0,125.0
train,normal,aaaaamqv_s001_t000.edf,aaaaamqv,250.0,374750,1499.0,36,True,0.0,125.0
train,normal,aaaaamrc_s001_t000.edf,aaaaamrc,250.0,302250,1209.0,36,True,0.0,125.0
train,normal,aaaaamrf_s001_t000.edf,aaaaamrf,250.0,350000,1400.0,30,True,0.0,125.0
train,normal,aaaaamrm_s001_t000.edf,aaaaamrm,250.0,419500,1678.0,36,True,0.0,125.0
train,normal,aaaaamrv_s001_t000.edf,aaaaamrv,250.0,313500,1254.0,36,True,0.0,125.0
train,normal,aaaaamrx_s001_t001.edf,aaaaamrx,250.0,336000,1344.0,36,True,0.0,125.0
train,normal,aaaaamrx_s002_t000.edf,aaaaamrx,250.0,320750,1283.0,30,True,0.0,125.0
train,normal,aaaaamsf_s001_t000.edf,aaaaamsf,250.0,364250,1457.0,30,True,0.0,125.0
train,normal,aaaaamsg_s001_t000.edf,aaaaamsg,250.0,323750,1295.0,36,True,0.0,125.0
train,normal,aaaaamsh_s001_t000.edf,aaaaamsh,250.0,305250,1221.0,30,True,0.0,125.0
train,normal,aaaaamsl_s001_t000.edf,aaaaamsl,250.0,352250,1409.0,36,True,0.0,125.0
train,normal,aaaaamsn_s001_t000.edf,aaaaamsn,250.0,305250,1221.0,36,True,0.0,125.0
train,normal,aaaaamsp_s001_t001.edf,aaaaamsp,250.0,340500,1362.0,36,True,0.0,125.0
train,normal,aaaaamsq_s001_t000.edf,aaaaamsq,250.0,310750,1243.0,36,True,0.0,125.0
train,normal,aaaaamsu_s001_t000.edf,aaaaamsu,250.0,366000,1464.0,30,True,0.0,125.0
train,normal,aaaaamsw_s002_t000.edf,aaaaamsw,250.0,360500,1442.0,30,True,0.0,125.0
train,normal,aaaaamsw_s003_t000.edf,aaaaamsw,250.0,366250,1465.0,30,True,0.0,125.0
train,normal,aaaaamsx_s001_t000.edf,aaaaamsx,250.0,301500,1206.0,30,True,0.0,125.0
train,normal,aaaaamtg_s001_t000.edf,aaaaamtg,250.0,360500,1442.0,36,True,0.0,125.0
train,normal,aaaaamth_s001_t000.edf,aaaaamth,250.0,375000,1500.0,30,True,0.0,125.0
train,normal,aaaaamth_s002_t000.edf,aaaaamth,250.0,354000,1416.0,30,True,0.0,125.0
train,normal,aaaaamti_s001_t000.edf,aaaaamti,250.0,346500,1386.0,30,True,0.0,125.0
train,normal,aaaaamti_s002_t000.edf,aaaaamti,250.0,309000,1236.0,30,True,0.0,125.0
train,normal,aaaaamtl_s002_t000.edf,aaaaamtl,250.0,354000,1416.0,30,True,0.0,125.0
train,normal,aaaaamtn_s001_t000.edf,aaaaamtn,250.0,301000,1204.0,30,True,0.0,125.0
train,normal,aaaaamtu_s001_t000.edf,aaaaamtu,250.0,352250,1409.0,36,True,0.0,125.0
train,normal,aaaaamtx_s001_t000.edf,aaaaamtx,250.0,362250,1449.0,30,True,0.0,125.0
train,normal,aaaaamua_s001_t000.edf,aaaaamua,250.0,302250,1209.0,36,True,0.0,125.0
train,normal,aaaaamuf_s001_t000.edf,aaaaamuf,250.0,349750,1399.0,36,True,0.0,125.0
train,normal,aaaaamuj_s001_t000.edf,aaaaamuj,256.0,308480,1205.0,34,True,0.0,128.0
train,normal,aaaaamuk_s001_t000.edf,aaaaamuk,250.0,345500,1382.0,36,True,0.0,125.0
train,normal,aaaaamum_s001_t000.edf,aaaaamum,250.0,300750,1203.0,36,True,0.0,125.0
train,normal,aaaaamuo_s001_t000.edf,aaaaamuo,250.0,345500,1382.0,36,True,0.0,125.0
train,normal,aaaaamux_s001_t000.edf,aaaaamux,250.0,309500,1238.0,30,True,0.0,125.0
train,normal,aaaaamvc_s001_t000.edf,aaaaamvc,250.0,369500,1478.0,36,True,0.0,125.0
train,normal,aaaaamvc_s002_t000.edf,aaaaamvc,250.0,349750,1399.0,30,True,0.0,125.0
train,normal,aaaaamvc_s003_t001.edf,aaaaamvc,250.0,339250,1357.0,30,True,0.0,125.0
train,normal,aaaaamvd_s001_t000.edf,aaaaamvd,250.0,348750,1395.0,36,True,0.0,125.0
train,normal,aaaaamvf_s001_t000.edf,aaaaamvf,250.0,301250,1205.0,30,True,0.0,125.0
train,normal,aaaaamvg_s002_t000.edf,aaaaamvg,250.0,343500,1374.0,36,True,0.0,125.0
train,normal,aaaaamvg_s004_t000.edf,aaaaamvg,256.0,299264,1169.0,27,True,0.0,128.0
train,normal,aaaaamvh_s001_t000.edf,aaaaamvh,250.0,301250,1205.0,36,True,0.0,125.0
train,normal,aaaaamvj_s001_t000.edf,aaaaamvj,250.0,312750,1251.0,36,True,0.0,125.0
train,normal,aaaaamvl_s001_t000.edf,aaaaamvl,250.0,304500,1218.0,30,True,0.0,125.0
train,normal,aaaaamvo_s001_t000.edf,aaaaamvo,250.0,302500,1210.0,36,True,0.0,125.0
train,normal,aaaaamvq_s001_t000.edf,aaaaamvq,250.0,346250,1385.0,30,True,0.0,125.0
train,normal,aaaaamvr_s001_t001.edf,aaaaamvr,250.0,333750,1335.0,36,True,0.0,125.0
train,normal,aaaaamvs_s001_t002.edf,aaaaamvs,250.0,262750,1051.0,31,True,0.0,125.0
train,normal,aaaaamwd_s001_t001.edf,aaaaamwd,250.0,336750,1347.0,36,True,0.0,125.0
train,normal,aaaaamwe_s001_t000.edf,aaaaamwe,250.0,316250,1265.0,36,True,0.0,125.0
train,normal,aaaaamwf_s002_t000.edf,aaaaamwf,250.0,374750,1499.0,30,True,0.0,125.0
train,normal,aaaaamwg_s001_t000.edf,aaaaamwg,250.0,347750,1391.0,36,True,0.0,125.0
train,normal,aaaaamwh_s001_t000.edf,aaaaamwh,250.0,345750,1383.0,36,True,0.0,125.0
train,normal,aaaaamwi_s001_t000.edf,aaaaamwi,250.0,379750,1519.0,30,True,0.0,125.0
train,normal,aaaaamwi_s002_t000.edf,aaaaamwi,250.0,301500,1206.0,31,True,0.0,125.0
train,normal,aaaaamwp_s002_t000.edf,aaaaamwp,250.0,345750,1383.0,30,True,0.0,125.0
train,normal,aaaaamwq_s002_t000.edf,aaaaamwq,512.0,652288,1274.0,34,True,0.0,256.0
train,normal,aaaaamwr_s001_t000.edf,aaaaamwr,250.0,364500,1458.0,30,True,0.0,125.0
train,normal,aaaaamws_s001_t000.edf,aaaaamws,250.0,302750,1211.0,30,True,0.0,125.0
train,normal,aaaaamwt_s001_t000.edf,aaaaamwt,250.0,323750,1295.0,30,True,0.0,125.0
train,normal,aaaaamww_s001_t000.edf,aaaaamww,250.0,355250,1421.0,30,True,0.0,125.0
train,normal,aaaaamwx_s001_t000.edf,aaaaamwx,250.0,348750,1395.0,30,True,0.0,125.0
train,normal,aaaaamxa_s001_t000.edf,aaaaamxa,250.0,309000,1236.0,30,True,0.0,125.0
train,normal,aaaaamxb_s001_t000.edf,aaaaamxb,250.0,361750,1447.0,30,True,0.0,125.0
train,normal,aaaaamxc_s001_t000.edf,aaaaamxc,250.0,303500,1214.0,30,True,0.0,125.0
train,normal,aaaaamxf_s001_t000.edf,aaaaamxf,250.0,346750,1387.0,30,True,0.0,125.0
train,normal,aaaaamxg_s001_t000.edf,aaaaamxg,250.0,301250,1205.0,31,True,0.0,125.0
train,normal,aaaaamxu_s001_t000.edf,aaaaamxu,250.0,301000,1204.0,30,True,0.0,125.0
train,normal,aaaaamxw_s001_t000.edf,aaaaamxw,250.0,349250,1397.0,30,True,0.0,125.0
train,normal,aaaaamxx_s001_t000.edf,aaaaamxx,250.0,318500,1274.0,30,True,0.0,125.0
train,normal,aaaaamyc_s002_t000.edf,aaaaamyc,250.0,331500,1326.0,36,True,0.0,125.0
train,normal,aaaaamyg_s001_t000.edf,aaaaamyg,250.0,301750,1207.0,30,True,0.0,125.0
train,normal,aaaaamyh_s001_t002.edf,aaaaamyh,250.0,240750,963.0,30,True,0.0,125.0
train,normal,aaaaamyj_s001_t000.edf,aaaaamyj,250.0,301000,1204.0,30,True,0.0,125.0
train,normal,aaaaamyl_s001_t000.edf,aaaaamyl,250.0,303250,1213.0,30,True,0.0,125.0
train,normal,aaaaamyp_s001_t000.edf,aaaaamyp,250.0,305250,1221.0,31,True,0.0,125.0
train,normal,aaaaamys_s001_t000.edf,aaaaamys,250.0,450750,1803.0,30,True,0.0,125.0
train,normal,aaaaamyw_s001_t000.edf,aaaaamyw,250.0,346250,1385.0,30,True,0.0,125.0
train,normal,aaaaamzc_s001_t000.edf,aaaaamzc,250.0,345500,1382.0,30,True,0.0,125.0
train,normal,aaaaamzc_s002_t000.edf,aaaaamzc,250.0,331250,1325.0,36,True,0.0,125.0
train,normal,aaaaamze_s001_t001.edf,aaaaamze,250.0,294000,1176.0,30,True,0.0,125.0
train,normal,aaaaamzf_s001_t001.edf,aaaaamzf,250.0,300250,1201.0,30,True,0.0,125.0
train,normal,aaaaamzo_s001_t001.edf,aaaaamzo,250.0,342000,1368.0,30,True,0.0,125.0
train,normal,aaaaamzq_s001_t000.edf,aaaaamzq,250.0,301000,1204.0,30,True,0.0,125.0
train,normal,aaaaamzs_s001_t000.edf,aaaaamzs,250.0,347250,1389.0,30,True,0.0,125.0
train,normal,aaaaamzv_s001_t000.edf,aaaaamzv,250.0,428000,1712.0,30,True,0.0,125.0
train,normal,aaaaamzw_s001_t000.edf,aaaaamzw,250.0,301000,1204.0,30,True,0.0,125.0
train,normal,aaaaanaf_s001_t000.edf,aaaaanaf,250.0,302750,1211.0,30,True,0.0,125.0
train,normal,aaaaanah_s001_t000.edf,aaaaanah,250.0,347750,1391.0,30,True,0.0,125.0
train,normal,aaaaanaj_s001_t000.edf,aaaaanaj,250.0,301000,1204.0,30,True,0.0,125.0
train,normal,aaaaanat_s001_t000.edf,aaaaanat,250.0,301000,1204.0,30,True,0.0,125.0
train,normal,aaaaanaw_s001_t000.edf,aaaaanaw,250.0,363250,1453.0,30,True,0.0,125.0
train,normal,aaaaanax_s001_t000.edf,aaaaanax,250.0,300750,1203.0,30,True,0.0,125.0
train,normal,aaaaanay_s001_t000.edf,aaaaanay,250.0,300750,1203.0,36,True,0.0,125.0
train,normal,aaaaanay_s002_t000.edf,aaaaanay,250.0,351500,1406.0,30,True,0.0,125.0
train,normal,aaaaanbc_s001_t000.edf,aaaaanbc,250.0,359250,1437.0,30,True,0.0,125.0
train,normal,aaaaanbe_s002_t003.edf,aaaaanbe,256.0,248832,972.0,35,True,0.0,128.0
train,normal,aaaaanbg_s001_t000.edf,aaaaanbg,250.0,375500,1502.0,30,True,0.0,125.0
train,normal,aaaaanbh_s001_t000.edf,aaaaanbh,250.0,301750,1207.0,31,True,0.0,125.0
train,normal,aaaaanbi_s001_t000.edf,aaaaanbi,250.0,300500,1202.0,30,True,0.0,125.0
train,normal,aaaaanbs_s001_t000.edf,aaaaanbs,250.0,337000,1348.0,30,True,0.0,125.0
train,normal,aaaaanbv_s001_t000.edf,aaaaanbv,250.0,372000,1488.0,36,True,0.0,125.0
train,normal,aaaaanbw_s002_t000.edf,aaaaanbw,250.0,301250,1205.0,30,True,0.0,125.0
train,normal,aaaaanbx_s001_t000.edf,aaaaanbx,250.0,301000,1204.0,31,True,0.0,125.0
train,normal,aaaaanby_s001_t001.edf,aaaaanby,250.0,291000,1164.0,30,True,0.0,125.0
train,normal,aaaaancd_s001_t001.edf,aaaaancd,250.0,300000,1200.0,30,True,0.0,125.0
train,normal,aaaaancf_s001_t000.edf,aaaaancf,250.0,349750,1399.0,30,True,0.0,125.0
train,normal,aaaaanch_s001_t000.edf,aaaaanch,250.0,346000,1384.0,30,True,0.0,125.0
train,normal,aaaaanci_s001_t000.edf,aaaaanci,250.0,300750,1203.0,30,True,0.0,125.0
train,normal,aaaaancj_s001_t000.edf,aaaaancj,250.0,372000,1488.0,30,True,0.0,125.0
train,normal,aaaaancn_s001_t000.edf,aaaaancn,250.0,302500,1210.0,31,True,0.0,125.0
train,normal,aaaaancs_s001_t000.edf,aaaaancs,256.0,311040,1215.0,27,True,0.0,128.0
train,normal,aaaaanct_s001_t000.edf,aaaaanct,250.0,445000,1780.0,36,True,0.0,125.0
train,normal,aaaaancu_s001_t000.edf,aaaaancu,250.0,300500,1202.0,30,True,0.0,125.0
train,normal,aaaaancz_s001_t000.edf,aaaaancz,250.0,307250,1229.0,30,True,0.0,125.0
train,normal,aaaaandc_s001_t000.edf,aaaaandc,250.0,306000,1224.0,30,True,0.0,125.0
train,normal,aaaaandf_s001_t001.edf,aaaaandf,250.0,248500,994.0,31,True,0.0,125.0
train,normal,aaaaandl_s001_t001.edf,aaaaandl,250.0,320500,1282.0,30,True,0.0,125.0
train,normal,aaaaandn_s001_t000.edf,aaaaandn,250.0,347250,1389.0,30,True,0.0,125.0
train,normal,aaaaandp_s001_t000.edf,aaaaandp,250.0,336500,1346.0,30,True,0.0,125.0
train,normal,aaaaands_s002_t000.edf,aaaaands,250.0,314500,1258.0,30,True,0.0,125.0
train,normal,aaaaandt_s001_t000.edf,aaaaandt,250.0,286500,1146.0,30,True,0.0,125.0
train,normal,aaaaandw_s001_t001.edf,aaaaandw,250.0,248250,993.0,31,True,0.0,125.0
train,normal,aaaaanea_s001_t000.edf,aaaaanea,250.0,356500,1426.0,31,True,0.0,125.0
train,normal,aaaaaned_s001_t001.edf,aaaaaned,250.0,314500,1258.0,30,True,0.0,125.0
train,normal,aaaaanee_s001_t000.edf,aaaaanee,250.0,311250,1245.0,30,True,0.0,125.0
train,normal,aaaaanep_s004_t000.edf,aaaaanep,250.0,301250,1205.0,30,True,0.0,125.0
train,normal,aaaaaner_s001_t000.edf,aaaaaner,250.0,346500,1386.0,30,True,0.0,125.0
train,normal,aaaaanet_s001_t000.edf,aaaaanet,250.0,331250,1325.0,30,True,0.0,125.0
train,normal,aaaaanev_s001_t000.edf,aaaaanev,250.0,378000,1512.0,30,True,0.0,125.0
train,normal,aaaaanew_s001_t000.edf,aaaaanew,250.0,318250,1273.0,30,True,0.0,125.0
train,normal,aaaaanez_s001_t000.edf,aaaaanez,250.0,300500,1202.0,30,True,0.0,125.0
train,normal,aaaaanfb_s001_t000.edf,aaaaanfb,250.0,316250,1265.0,30,True,0.0,125.0
train,normal,aaaaanfd_s001_t000.edf,aaaaanfd,250.0,306000,1224.0,30,True,0.0,125.0
train,normal,aaaaanfh_s001_t000.edf,aaaaanfh,250.0,301000,1204.0,30,True,0.0,125.0
train,normal,aaaaanfk_s001_t000.edf,aaaaanfk,250.0,311000,1244.0,30,True,0.0,125.0
train,normal,aaaaanfk_s002_t000.edf,aaaaanfk,250.0,346000,1384.0,30,True,0.0,125.0
train,normal,aaaaanfo_s001_t000.edf,aaaaanfo,250.0,360750,1443.0,30,True,0.0,125.0
train,normal,aaaaanfq_s001_t000.edf,aaaaanfq,250.0,300750,1203.0,30,True,0.0,125.0
train,normal,aaaaanft_s001_t000.edf,aaaaanft,250.0,300750,1203.0,30,True,0.0,125.0
train,normal,aaaaanfu_s002_t001.edf,aaaaanfu,250.0,303500,1214.0,31,True,0.0,125.0
train,normal,aaaaanfw_s001_t000.edf,aaaaanfw,250.0,316750,1267.0,31,True,0.0,125.0
train,normal,aaaaanfx_s001_t000.edf,aaaaanfx,250.0,302750,1211.0,31,True,0.0,125.0
train,normal,aaaaangb_s001_t000.edf,aaaaangb,250.0,335250,1341.0,31,True,0.0,125.0
train,normal,aaaaangg_s001_t001.edf,aaaaangg,250.0,286500,1146.0,30,True,0.0,125.0
train,normal,aaaaangh_s001_t000.edf,aaaaangh,250.0,320250,1281.0,30,True,0.0,125.0
train,normal,aaaaangi_s001_t000.edf,aaaaangi,250.0,269500,1078.0,30,True,0.0,125.0
train,normal,aaaaangk_s001_t000.edf,aaaaangk,250.0,415000,1660.0,30,True,0.0,125.0
train,normal,aaaaangl_s001_t000.edf,aaaaangl,250.0,379250,1517.0,30,True,0.0,125.0
train,normal,aaaaangn_s001_t000.edf,aaaaangn,250.0,348750,1395.0,30,True,0.0,125.0
train,normal,aaaaango_s001_t000.edf,aaaaango,250.0,316250,1265.0,30,True,0.0,125.0
train,normal,aaaaangy_s001_t000.edf,aaaaangy,250.0,302750,1211.0,31,True,0.0,125.0
train,normal,aaaaanha_s001_t000.edf,aaaaanha,250.0,312750,1251.0,30,True,0.0,125.0
train,normal,aaaaanhn_s001_t000.edf,aaaaanhn,250.0,346250,1385.0,31,True,0.0,125.0
train,normal,aaaaanho_s001_t000.edf,aaaaanho,250.0,320250,1281.0,30,True,0.0,125.0
train,normal,aaaaanhv_s001_t001.edf,aaaaanhv,250.0,314250,1257.0,30,True,0.0,125.0
train,normal,aaaaanif_s001_t000.edf,aaaaanif,250.0,371750,1487.0,30,True,0.0,125.0
train,normal,aaaaanil_s001_t000.edf,aaaaanil,250.0,301000,1204.0,30,True,0.0,125.0
train,normal,aaaaanip_s001_t000.edf,aaaaanip,250.0,301250,1205.0,31,True,0.0,125.0
train,normal,aaaaaniv_s001_t000.edf,aaaaaniv,250.0,347250,1389.0,30,True,0.0,125.0
train,normal,aaaaaniw_s001_t000.edf,aaaaaniw,250.0,282750,1131.0,31,True,0.0,125.0
train,normal,aaaaanix_s001_t000.edf,aaaaanix,250.0,264000,1056.0,30,True,0.0,125.0
train,normal,aaaaaniz_s001_t000.edf,aaaaaniz,250.0,301500,1206.0,30,True,0.0,125.0
train,normal,aaaaanjg_s001_t000.edf,aaaaanjg,250.0,336000,1344.0,31,True,0.0,125.0
train,normal,aaaaanjy_s001_t000.edf,aaaaanjy,250.0,349750,1399.0,36,True,0.0,125.0
train,normal,aaaaanka_s001_t000.edf,aaaaanka,256.0,340224,1329.0,34,True,0.0,128.0
train,normal,aaaaankd_s001_t000.edf,aaaaankd,250.0,316750,1267.0,31,True,0.0,125.0
train,normal,aaaaankg_s001_t002.edf,aaaaankg,250.0,255000,1020.0,30,True,0.0,125.0
train,normal,aaaaankh_s001_t000.edf,aaaaankh,250.0,363500,1454.0,31,True,0.0,125.0
train,normal,aaaaankh_s002_t000.edf,aaaaankh,250.0,307750,1231.0,30,True,0.0,125.0
train,normal,aaaaanki_s001_t000.edf,aaaaanki,250.0,302000,1208.0,31,True,0.0,125.0
train,normal,aaaaankk_s001_t000.edf,aaaaankk,250.0,321250,1285.0,30,True,0.0,125.0
train,normal,aaaaankm_s001_t000.edf,aaaaankm,250.0,413250,1653.0,31,True,0.0,125.0
train,normal,aaaaankq_s001_t000.edf,aaaaankq,250.0,301500,1206.0,30,True,0.0,125.0
train,normal,aaaaankw_s001_t001.edf,aaaaankw,250.0,316750,1267.0,30,True,0.0,125.0
train,normal,aaaaankx_s001_t000.edf,aaaaankx,250.0,357500,1430.0,30,True,0.0,125.0
train,normal,aaaaanlb_s001_t000.edf,aaaaanlb,250.0,439500,1758.0,36,True,0.0,125.0
train,normal,aaaaanle_s001_t000.edf,aaaaanle,250.0,322750,1291.0,30,True,0.0,125.0
train,normal,aaaaanlk_s001_t000.edf,aaaaanlk,250.0,300500,1202.0,30,True,0.0,125.0
train,normal,aaaaanln_s001_t000.edf,aaaaanln,250.0,388250,1553.0,30,True,0.0,125.0
train,normal,aaaaanlo_s001_t000.edf,aaaaanlo,250.0,404500,1618.0,31,True,0.0,125.0
train,normal,aaaaanlu_s002_t000.edf,aaaaanlu,250.0,352000,1408.0,30,True,0.0,125.0
train,normal,aaaaanlw_s001_t000.edf,aaaaanlw,250.0,302750,1211.0,31,True,0.0,125.0
train,normal,aaaaanly_s001_t000.edf,aaaaanly,250.0,317750,1271.0,31,True,0.0,125.0
train,normal,aaaaanlz_s002_t000.edf,aaaaanlz,250.0,301250,1205.0,31,True,0.0,125.0
train,normal,aaaaanma_s001_t000.edf,aaaaanma,250.0,300500,1202.0,31,True,0.0,125.0
train,normal,aaaaanmi_s001_t000.edf,aaaaanmi,250.0,330750,1323.0,30,True,0.0,125.0
train,normal,aaaaanmk_s001_t002.edf,aaaaanmk,250.0,331500,1326.0,36,True,0.0,125.0
train,normal,aaaaanmm_s001_t001.edf,aaaaanmm,250.0,294000,1176.0,30,True,0.0,125.0
train,normal,aaaaanmp_s001_t000.edf,aaaaanmp,250.0,351000,1404.0,31,True,0.0,125.0
train,normal,aaaaanmr_s001_t002.edf,aaaaanmr,250.0,241250,965.0,30,True,0.0,125.0
train,normal,aaaaanmr_s002_t000.edf,aaaaanmr,250.0,326500,1306.0,30,True,0.0,125.0
train,normal,aaaaanmv_s001_t000.edf,aaaaanmv,250.0,348250,1393.0,30,True,0.0,125.0
train,normal,aaaaanmw_s001_t000.edf,aaaaanmw,250.0,301750,1207.0,31,True,0.0,125.0
train,normal,aaaaanmw_s007_t000.edf,aaaaanmw,250.0,302500,1210.0,30,True,0.0,125.0
train,normal,aaaaannf_s001_t001.edf,aaaaannf,250.0,339500,1358.0,30,True,0.0,125.0
train,normal,aaaaannt_s001_t000.edf,aaaaannt,250.0,319000,1276.0,31,True,0.0,125.0
train,normal,aaaaannz_s001_t000.edf,aaaaannz,250.0,601750,2407.0,30,True,0.0,125.0
train,normal,aaaaanoi_s001_t000.edf,aaaaanoi,250.0,371750,1487.0,30,True,0.0,125.0
train,normal,aaaaanoi_s002_t003.edf,aaaaanoi,250.0,338250,1353.0,36,True,0.0,125.0
train,normal,aaaaanom_s001_t000.edf,aaaaanom,250.0,302750,1211.0,30,True,0.0,125.0
train,normal,aaaaanon_s001_t000.edf,aaaaanon,250.0,300750,1203.0,30,True,0.0,125.0
train,normal,aaaaanot_s001_t000.edf,aaaaanot,250.0,346250,1385.0,31,True,0.0,125.0
train,normal,aaaaanov_s001_t000.edf,aaaaanov,250.0,371250,1485.0,30,True,0.0,125.0
train,normal,aaaaanpc_s001_t001.edf,aaaaanpc,250.0,344500,1378.0,31,True,0.0,125.0
train,normal,aaaaanpe_s001_t001.edf,aaaaanpe,250.0,259750,1039.0,30,True,0.0,125.0
train,normal,aaaaanpe_s002_t000.edf,aaaaanpe,250.0,461000,1844.0,36,True,0.0,125.0
train,normal,aaaaanpf_s001_t000.edf,aaaaanpf,250.0,375750,1503.0,31,True,0.0,125.0
train,normal,aaaaanpg_s001_t000.edf,aaaaanpg,250.0,370000,1480.0,30,True,0.0,125.0
train,normal,aaaaanqb_s001_t000.edf,aaaaanqb,250.0,435500,1742.0,31,True,0.0,125.0
train,normal,aaaaanqf_s001_t000.edf,aaaaanqf,250.0,301250,1205.0,30,True,0.0,125.0
train,normal,aaaaanqk_s001_t000.edf,aaaaanqk,250.0,346500,1386.0,36,True,0.0,125.0
train,normal,aaaaanqq_s002_t002.edf,aaaaanqq,250.0,312750,1251.0,36,True,0.0,125.0
train,normal,aaaaanqu_s001_t000.edf,aaaaanqu,250.0,311750,1247.0,30,True,0.0,125.0
train,normal,aaaaanrg_s001_t000.edf,aaaaanrg,250.0,305250,1221.0,30,True,0.0,125.0
train,normal,aaaaanrk_s001_t000.edf,aaaaanrk,250.0,385750,1543.0,31,True,0.0,125.0
train,normal,aaaaanrv_s001_t000.edf,aaaaanrv,250.0,330250,1321.0,30,True,0.0,125.0
train,normal,aaaaanrw_s001_t000.edf,aaaaanrw,250.0,354500,1418.0,30,True,0.0,125.0
train,normal,aaaaanrx_s001_t000.edf,aaaaanrx,250.0,365750,1463.0,30,True,0.0,125.0
train,normal,aaaaanrx_s002_t000.edf,aaaaanrx,250.0,390000,1560.0,36,True,0.0,125.0
train,normal,aaaaanrz_s001_t001.edf,aaaaanrz,250.0,326500,1306.0,36,True,0.0,125.0
train,normal,aaaaansb_s001_t000.edf,aaaaansb,250.0,300750,1203.0,30,True,0.0,125.0
train,normal,aaaaanse_s001_t000.edf,aaaaanse,250.0,301250,1205.0,30,True,0.0,125.0
train,normal,aaaaansg_s001_t000.edf,aaaaansg,250.0,382000,1528.0,30,True,0.0,125.0
train,normal,aaaaansh_s001_t000.edf,aaaaansh,250.0,287500,1150.0,30,True,0.0,125.0
train,normal,aaaaansk_s001_t000.edf,aaaaansk,250.0,300500,1202.0,30,True,0.0,125.0
train,normal,aaaaansm_s001_t000.edf,aaaaansm,250.0,351250,1405.0,30,True,0.0,125.0
train,normal,aaaaansq_s001_t000.edf,aaaaansq,250.0,359000,1436.0,30,True,0.0,125.0
train,normal,aaaaansu_s002_t000.edf,aaaaansu,250.0,361750,1447.0,30,True,0.0,125.0
train,normal,aaaaansv_s001_t001.edf,aaaaansv,250.0,275250,1101.0,30,True,0.0,125.0
train,normal,aaaaansy_s001_t000.edf,aaaaansy,250.0,323750,1295.0,30,True,0.0,125.0
train,normal,aaaaantb_s001_t000.edf,aaaaantb,250.0,304750,1219.0,30,True,0.0,125.0
train,normal,aaaaante_s001_t000.edf,aaaaante,250.0,378500,1514.0,30,True,0.0,125.0
train,normal,aaaaantg_s001_t000.edf,aaaaantg,250.0,346000,1384.0,30,True,0.0,125.0
train,normal,aaaaantg_s003_t000.edf,aaaaantg,256.0,368896,1441.0,27,True,0.0,128.0
train,normal,aaaaantj_s001_t001.edf,aaaaantj,250.0,295250,1181.0,30,True,0.0,125.0
train,normal,aaaaantk_s001_t000.edf,aaaaantk,250.0,323500,1294.0,30,True,0.0,125.0
train,normal,aaaaantl_s001_t001.edf,aaaaantl,250.0,534000,2136.0,30,True,0.0,125.0
train,normal,aaaaanto_s001_t000.edf,aaaaanto,250.0,313500,1254.0,30,True,0.0,125.0
train,normal,aaaaantr_s001_t000.edf,aaaaantr,250.0,415750,1663.0,36,True,0.0,125.0
train,normal,aaaaantx_s001_t000.edf,aaaaantx,250.0,302250,1209.0,30,True,0.0,125.0
train,normal,aaaaanui_s001_t002.edf,aaaaanui,250.0,310250,1241.0,31,True,0.0,125.0
train,normal,aaaaanuq_s001_t000.edf,aaaaanuq,250.0,302500,1210.0,30,True,0.0,125.0
train,normal,aaaaanus_s001_t000.edf,aaaaanus,250.0,362500,1450.0,36,True,0.0,125.0
train,normal,aaaaanut_s001_t000.edf,aaaaanut,250.0,302500,1210.0,36,True,0.0,125.0
train,normal,aaaaanut_s002_t000.edf,aaaaanut,256.0,803328,3138.0,34,True,0.0,128.0
train,normal,aaaaanuu_s001_t000.edf,aaaaanuu,250.0,307000,1228.0,30,True,0.0,125.0
train,normal,aaaaanuu_s002_t009.edf,aaaaanuu,256.0,295424,1154.0,34,True,0.0,128.0
train,normal,aaaaanuy_s001_t000.edf,aaaaanuy,250.0,370500,1482.0,31,True,0.0,125.0
train,normal,aaaaanvc_s001_t000.edf,aaaaanvc,250.0,323000,1292.0,31,True,0.0,125.0
train,normal,aaaaanvd_s001_t000.edf,aaaaanvd,250.0,348000,1392.0,30,True,0.0,125.0
train,normal,aaaaanvd_s002_t000.edf,aaaaanvd,250.0,357500,1430.0,30,True,0.0,125.0
train,normal,aaaaanvd_s006_t002.edf,aaaaanvd,512.0,608256,1188.0,34,True,0.0,256.0
train,normal,aaaaanvi_s001_t000.edf,aaaaanvi,250.0,359750,1439.0,30,True,0.0,125.0
train,normal,aaaaanvl_s001_t000.edf,aaaaanvl,250.0,272250,1089.0,30,True,0.0,125.0
train,normal,aaaaanvn_s001_t001.edf,aaaaanvn,250.0,277000,1108.0,30,True,0.0,125.0
train,normal,aaaaanvo_s001_t000.edf,aaaaanvo,250.0,353500,1414.0,30,True,0.0,125.0
train,normal,aaaaanvq_s001_t000.edf,aaaaanvq,250.0,301000,1204.0,30,True,0.0,125.0
train,normal,aaaaanvs_s001_t000.edf,aaaaanvs,250.0,302250,1209.0,30,True,0.0,125.0
train,normal,aaaaanvx_s001_t000.edf,aaaaanvx,250.0,374500,1498.0,30,True,0.0,125.0
train,normal,aaaaanvy_s001_t001.edf,aaaaanvy,250.0,275750,1103.0,30,True,0.0,125.0
train,normal,aaaaanvz_s001_t000.edf,aaaaanvz,250.0,354500,1418.0,36,True,0.0,125.0
train,normal,aaaaanwb_s001_t000.edf,aaaaanwb,250.0,305250,1221.0,30,True,0.0,125.0
train,normal,aaaaanwe_s002_t000.edf,aaaaanwe,256.0,384000,1500.0,28,True,0.0,128.0
train,normal,aaaaanwh_s003_t004.edf,aaaaanwh,512.0,533504,1042.0,34,True,0.0,256.0
train,normal,aaaaanwj_s001_t000.edf,aaaaanwj,250.0,377000,1508.0,36,True,0.0,125.0
train,normal,aaaaanwl_s001_t000.edf,aaaaanwl,250.0,378750,1515.0,36,True,0.0,125.0
train,normal,aaaaanwq_s001_t000.edf,aaaaanwq,250.0,347250,1389.0,31,True,0.0,125.0
train,normal,aaaaanwt_s001_t000.edf,aaaaanwt,250.0,260750,1043.0,31,True,0.0,125.0
train,normal,aaaaanxj_s001_t000.edf,aaaaanxj,250.0,322250,1289.0,31,True,0.0,125.0
train,normal,aaaaanxk_s001_t000.edf,aaaaanxk,250.0,344750,1379.0,31,True,0.0,125.0
train,normal,aaaaanxs_s001_t000.edf,aaaaanxs,250.0,332250,1329.0,36,True,0.0,125.0
train,normal,aaaaanxt_s001_t000.edf,aaaaanxt,250.0,331000,1324.0,36,True,0.0,125.0
train,normal,aaaaanxx_s001_t000.edf,aaaaanxx,250.0,375500,1502.0,31,True,0.0,125.0
train,normal,aaaaanyc_s001_t000.edf,aaaaanyc,250.0,376000,1504.0,36,True,0.0,125.0
train,normal,aaaaanyc_s002_t000.edf,aaaaanyc,250.0,315750,1263.0,30,True,0.0,125.0
train,normal,aaaaanyc_s003_t000.edf,aaaaanyc,250.0,320750,1283.0,30,True,0.0,125.0
train,normal,aaaaanyd_s001_t000.edf,aaaaanyd,250.0,324000,1296.0,36,True,0.0,125.0
train,normal,aaaaanye_s001_t000.edf,aaaaanye,256.0,337920,1320.0,34,True,0.0,128.0
train,normal,aaaaanyj_s001_t000.edf,aaaaanyj,256.0,357632,1397.0,27,True,0.0,128.0
train,normal,aaaaanyq_s001_t000.edf,aaaaanyq,250.0,309000,1236.0,30,True,0.0,125.0
train,normal,aaaaanyv_s001_t000.edf,aaaaanyv,250.0,362250,1449.0,31,True,0.0,125.0
train,normal,aaaaanyx_s001_t002.edf,aaaaanyx,250.0,309250,1237.0,31,True,0.0,125.0
train,normal,aaaaanyy_s001_t000.edf,aaaaanyy,250.0,602000,2408.0,30,True,0.0,125.0
train,normal,aaaaanyz_s001_t000.edf,aaaaanyz,250.0,383500,1534.0,36,True,0.0,125.0
train,normal,aaaaanza_s001_t000.edf,aaaaanza,250.0,321500,1286.0,30,True,0.0,125.0
train,normal,aaaaanzi_s001_t000.edf,aaaaanzi,250.0,315750,1263.0,31,True,0.0,125.0
train,normal,aaaaanzp_s001_t000.edf,aaaaanzp,250.0,318750,1275.0,30,True,0.0,125.0
train,normal,aaaaanzs_s002_t000.edf,aaaaanzs,250.0,359500,1438.0,30,True,0.0,125.0
train,normal,aaaaanzv_s001_t000.edf,aaaaanzv,250.0,394750,1579.0,30,True,0.0,125.0
train,normal,aaaaanzw_s001_t000.edf,aaaaanzw,250.0,372750,1491.0,30,True,0.0,125.0
train,normal,aaaaaoag_s001_t001.edf,aaaaaoag,250.0,316500,1266.0,30,True,0.0,125.0
train,normal,aaaaaoah_s001_t000.edf,aaaaaoah,250.0,339250,1357.0,30,True,0.0,125.0
train,normal,aaaaaoai_s001_t000.edf,aaaaaoai,250.0,331000,1324.0,36,True,0.0,125.0
train,normal,aaaaaoaz_s001_t000.edf,aaaaaoaz,250.0,329250,1317.0,30,True,0.0,125.0
train,normal,aaaaaoba_s001_t000.edf,aaaaaoba,250.0,337000,1348.0,36,True,0.0,125.0
train,normal,aaaaaobe_s001_t000.edf,aaaaaobe,250.0,336500,1346.0,36,True,0.0,125.0
train,normal,aaaaaobp_s001_t000.edf,aaaaaobp,250.0,313000,1252.0,31,True,0.0,125.0
train,normal,aaaaaobs_s001_t000.edf,aaaaaobs,250.0,332500,1330.0,36,True,0.0,125.0
train,normal,aaaaaobv_s001_t000.edf,aaaaaobv,250.0,332000,1328.0,30,True,0.0,125.0
train,normal,aaaaaobw_s001_t000.edf,aaaaaobw,250.0,315000,1260.0,30,True,0.0,125.0
train,normal,aaaaaobw_s002_t000.edf,aaaaaobw,250.0,320000,1280.0,31,True,0.0,125.0
train,normal,aaaaaobz_s001_t000.edf,aaaaaobz,250.0,343250,1373.0,36,True,0.0,125.0
train,normal,aaaaaoci_s001_t000.edf,aaaaaoci,250.0,379250,1517.0,30,True,0.0,125.0
train,normal,aaaaaocl_s001_t000.edf,aaaaaocl,250.0,330750,1323.0,36,True,0.0,125.0
train,normal,aaaaaocl_s002_t000.edf,aaaaaocl,250.0,405250,1621.0,30,True,0.0,125.0
train,normal,aaaaaocl_s005_t004.edf,aaaaaocl,512.0,524800,1025.0,35,True,0.0,256.0
train,normal,aaaaaocl_s006_t000.edf,aaaaaocl,512.0,1380352,2696.0,35,True,0.0,256.0
train,normal,aaaaaocn_s001_t000.edf,aaaaaocn,250.0,323250,1293.0,36,True,0.0,125.0
train,normal,aaaaaocs_s001_t000.edf,aaaaaocs,250.0,355500,1422.0,30,True,0.0,125.0
train,normal,aaaaaocu_s001_t000.edf,aaaaaocu,250.0,348250,1393.0,30,True,0.0,125.0
train,normal,aaaaaocv_s001_t000.edf,aaaaaocv,250.0,331750,1327.0,36,True,0.0,125.0
train,normal,aaaaaodb_s001_t000.edf,aaaaaodb,250.0,338750,1355.0,30,True,0.0,125.0
train,normal,aaaaaodb_s002_t000.edf,aaaaaodb,250.0,382000,1528.0,30,True,0.0,125.0
train,normal,aaaaaodf_s001_t000.edf,aaaaaodf,250.0,318250,1273.0,36,True,0.0,125.0
train,normal,aaaaaodh_s001_t000.edf,aaaaaodh,250.0,381500,1526.0,30,True,0.0,125.0
train,normal,aaaaaodi_s001_t000.edf,aaaaaodi,250.0,327000,1308.0,36,True,0.0,125.0
train,normal,aaaaaodm_s001_t000.edf,aaaaaodm,250.0,333500,1334.0,36,True,0.0,125.0
train,normal,aaaaaodm_s002_t000.edf,aaaaaodm,250.0,309250,1237.0,30,True,0.0,125.0
train,normal,aaaaaodr_s001_t000.edf,aaaaaodr,250.0,376500,1506.0,30,True,0.0,125.0
train,normal,aaaaaodt_s002_t000.edf,aaaaaodt,250.0,375500,1502.0,36,True,0.0,125.0
train,normal,aaaaaodx_s002_t000.edf,aaaaaodx,250.0,391250,1565.0,36,True,0.0,125.0
train,normal,aaaaaodz_s001_t000.edf,aaaaaodz,250.0,323000,1292.0,36,True,0.0,125.0
train,normal,aaaaaoea_s001_t000.edf,aaaaaoea,250.0,315750,1263.0,36,True,0.0,125.0
train,normal,aaaaaoed_s001_t000.edf,aaaaaoed,250.0,389000,1556.0,30,True,0.0,125.0
train,normal,aaaaaoef_s001_t000.edf,aaaaaoef,256.0,326400,1275.0,34,True,0.0,128.0
train,normal,aaaaaoen_s001_t000.edf,aaaaaoen,250.0,325000,1300.0,30,True,0.0,125.0
train,normal,aaaaaoen_s002_t000.edf,aaaaaoen,250.0,415250,1661.0,30,True,0.0,125.0
train,normal,aaaaaoen_s003_t000.edf,aaaaaoen,250.0,758750,3035.0,30,True,0.0,125.0
train,normal,aaaaaoeo_s001_t000.edf,aaaaaoeo,250.0,393000,1572.0,30,True,0.0,125.0
train,normal,aaaaaoep_s001_t000.edf,aaaaaoep,250.0,369000,1476.0,30,True,0.0,125.0
train,normal,aaaaaoeq_s002_t000.edf,aaaaaoeq,250.0,315500,1262.0,36,True,0.0,125.0
train,normal,aaaaaoes_s001_t000.edf,aaaaaoes,250.0,351250,1405.0,30,True,0.0,125.0
train,normal,aaaaaoet_s001_t000.edf,aaaaaoet,250.0,332500,1330.0,36,True,0.0,125.0
train,normal,aaaaaoeu_s001_t001.edf,aaaaaoeu,250.0,263500,1054.0,36,True,0.0,125.0
train,normal,aaaaaoev_s001_t000.edf,aaaaaoev,250.0,339500,1358.0,30,True,0.0,125.0
train,normal,aaaaaoev_s003_t000.edf,aaaaaoev,512.0,1322496,2583.0,34,True,0.0,256.0
train,normal,aaaaaoez_s001_t000.edf,aaaaaoez,250.0,373250,1493.0,30,True,0.0,125.0
train,normal,aaaaaoff_s001_t000.edf,aaaaaoff,250.0,393250,1573.0,30,True,0.0,125.0
train,normal,aaaaaofg_s001_t000.edf,aaaaaofg,512.0,688128,1344.0,34,True,0.0,256.0
train,normal,aaaaaofi_s001_t000.edf,aaaaaofi,250.0,315750,1263.0,30,True,0.0,125.0
train,normal,aaaaaofi_s002_t000.edf,aaaaaofi,250.0,330750,1323.0,36,True,0.0,125.0
train,normal,aaaaaofp_s001_t001.edf,aaaaaofp,250.0,320250,1281.0,36,True,0.0,125.0
train,normal,aaaaaofq_s001_t000.edf,aaaaaofq,250.0,337250,1349.0,36,True,0.0,125.0
train,normal,aaaaaofq_s002_t000.edf,aaaaaofq,250.0,305000,1220.0,30,True,0.0,125.0
train,normal,aaaaaofx_s001_t000.edf,aaaaaofx,250.0,332250,1329.0,36,True,0.0,125.0
train,normal,aaaaaoga_s001_t000.edf,aaaaaoga,250.0,333250,1333.0,36,True,0.0,125.0
train,normal,aaaaaogf_s001_t000.edf,aaaaaogf,250.0,302500,1210.0,30,True,0.0,125.0
train,normal,aaaaaogq_s001_t000.edf,aaaaaogq,250.0,317750,1271.0,30,True,0.0,125.0
train,normal,aaaaaogz_s001_t000.edf,aaaaaogz,256.0,320768,1253.0,34,True,0.0,128.0
train,normal,aaaaaohg_s001_t001.edf,aaaaaohg,250.0,306000,1224.0,30,True,0.0,125.0
train,normal,aaaaaohh_s001_t000.edf,aaaaaohh,250.0,322000,1288.0,30,True,0.0,125.0
train,normal,aaaaaohh_s002_t000.edf,aaaaaohh,250.0,334000,1336.0,30,True,0.0,125.0
train,normal,aaaaaohk_s001_t001.edf,aaaaaohk,250.0,313000,1252.0,30,True,0.0,125.0
train,normal,aaaaaohq_s001_t001.edf,aaaaaohq,250.0,463250,1853.0,30,True,0.0,125.0
train,normal,aaaaaohs_s001_t001.edf,aaaaaohs,250.0,309750,1239.0,30,True,0.0,125.0
train,normal,aaaaaohv_s001_t000.edf,aaaaaohv,250.0,361750,1447.0,30,True,0.0,125.0
train,normal,aaaaaohw_s003_t000.edf,aaaaaohw,250.0,320000,1280.0,31,True,0.0,125.0
train,normal,aaaaaohz_s001_t000.edf,aaaaaohz,250.0,331250,1325.0,36,True,0.0,125.0
train,normal,aaaaaoia_s001_t000.edf,aaaaaoia,250.0,332500,1330.0,36,True,0.0,125.0
train,normal,aaaaaoib_s001_t000.edf,aaaaaoib,250.0,331250,1325.0,36,True,0.0,125.0
train,normal,aaaaaoic_s001_t000.edf,aaaaaoic,250.0,333000,1332.0,36,True,0.0,125.0
train,normal,aaaaaoid_s001_t000.edf,aaaaaoid,250.0,323500,1294.0,36,True,0.0,125.0
train,normal,aaaaaoid_s002_t000.edf,aaaaaoid,250.0,420750,1683.0,30,True,0.0,125.0
train,normal,aaaaaoie_s001_t001.edf,aaaaaoie,250.0,326750,1307.0,36,True,0.0,125.0
train,normal,aaaaaoie_s002_t015.edf,aaaaaoie,250.0,381500,1526.0,36,True,0.0,125.0
train,normal,aaaaaoig_s001_t000.edf,aaaaaoig,250.0,336750,1347.0,30,True,0.0,125.0
train,normal,aaaaaoil_s001_t000.edf,aaaaaoil,250.0,355750,1423.0,30,True,0.0,125.0
train,normal,aaaaaoio_s001_t000.edf,aaaaaoio,250.0,311000,1244.0,36,True,0.0,125.0
train,normal,aaaaaois_s001_t000.edf,aaaaaois,250.0,315750,1263.0,36,True,0.0,125.0
train,normal,aaaaaoix_s001_t000.edf,aaaaaoix,250.0,384750,1539.0,36,True,0.0,125.0
train,normal,aaaaaoiz_s001_t000.edf,aaaaaoiz,250.0,368500,1474.0,30,True,0.0,125.0
train,normal,aaaaaojf_s001_t001.edf,aaaaaojf,250.0,312500,1250.0,36,True,0.0,125.0
train,normal,aaaaaoji_s001_t000.edf,aaaaaoji,250.0,333500,1334.0,36,True,0.0,125.0
train,normal,aaaaaojl_s001_t001.edf,aaaaaojl,256.0,285696,1116.0,27,True,0.0,128.0
train,normal,aaaaaojl_s002_t000.edf,aaaaaojl,250.0,309750,1239.0,30,True,0.0,125.0
train,normal,aaaaaojl_s003_t008.edf,aaaaaojl,256.0,303872,1187.0,33,True,0.0,128.0
train,normal,aaaaaojq_s001_t000.edf,aaaaaojq,250.0,376750,1507.0,36,True,0.0,125.0
train,normal,aaaaaojr_s001_t000.edf,aaaaaojr,250.0,306500,1226.0,36,True,0.0,125.0
train,normal,aaaaaojs_s001_t000.edf,aaaaaojs,250.0,317250,1269.0,36,True,0.0,125.0
train,normal,aaaaaojt_s001_t000.edf,aaaaaojt,250.0,383250,1533.0,36,True,0.0,125.0
train,normal,aaaaaojy_s001_t000.edf,aaaaaojy,250.0,302000,1208.0,30,True,0.0,125.0
train,normal,aaaaaojz_s001_t000.edf,aaaaaojz,250.0,321000,1284.0,30,True,0.0,125.0
train,normal,aaaaaokc_s001_t000.edf,aaaaaokc,250.0,304750,1219.0,36,True,0.0,125.0
train,normal,aaaaaokd_s001_t000.edf,aaaaaokd,250.0,361250,1445.0,36,True,0.0,125.0
train,normal,aaaaaokd_s002_t000.edf,aaaaaokd,250.0,323750,1295.0,30,True,0.0,125.0
train,normal,aaaaaokf_s001_t000.edf,aaaaaokf,250.0,316500,1266.0,36,True,0.0,125.0
train,normal,aaaaaokn_s001_t000.edf,aaaaaokn,250.0,301000,1204.0,36,True,0.0,125.0
train,normal,aaaaaokw_s001_t000.edf,aaaaaokw,250.0,84500,338.0,36,True,0.0,125.0
train,normal,aaaaaokx_s001_t000.edf,aaaaaokx,250.0,304500,1218.0,36,True,0.0,125.0
train,normal,aaaaaola_s001_t000.edf,aaaaaola,250.0,400250,1601.0,30,True,0.0,125.0
train,normal,aaaaaolk_s001_t000.edf,aaaaaolk,250.0,357250,1429.0,31,True,0.0,125.0
train,normal,aaaaaolq_s001_t000.edf,aaaaaolq,250.0,311750,1247.0,31,True,0.0,125.0
train,normal,aaaaaolv_s001_t000.edf,aaaaaolv,250.0,375500,1502.0,36,True,0.0,125.0
train,normal,aaaaaolv_s002_t000.edf,aaaaaolv,250.0,437750,1751.0,30,True,0.0,125.0
train,normal,aaaaaolx_s001_t000.edf,aaaaaolx,250.0,302750,1211.0,30,True,0.0,125.0
train,normal,aaaaaoma_s001_t000.edf,aaaaaoma,250.0,330250,1321.0,36,True,0.0,125.0
train,normal,aaaaaomb_s001_t000.edf,aaaaaomb,250.0,345500,1382.0,36,True,0.0,125.0
train,normal,aaaaaomc_s001_t001.edf,aaaaaomc,250.0,347000,1388.0,36,True,0.0,125.0
train,normal,aaaaaomg_s001_t000.edf,aaaaaomg,250.0,302500,1210.0,30,True,0.0,125.0
train,normal,aaaaaomg_s002_t000.edf,aaaaaomg,256.0,910336,3556.0,34,True,0.0,128.0
train,normal,aaaaaomi_s001_t000.edf,aaaaaomi,250.0,346500,1386.0,30,True,0.0,125.0
train,normal,aaaaaomj_s001_t000.edf,aaaaaomj,250.0,302000,1208.0,30,True,0.0,125.0
train,normal,aaaaaomk_s001_t000.edf,aaaaaomk,250.0,301500,1206.0,30,True,0.0,125.0
train,normal,aaaaaomm_s001_t000.edf,aaaaaomm,250.0,347000,1388.0,30,True,0.0,125.0
train,normal,aaaaaomo_s001_t000.edf,aaaaaomo,250.0,301000,1204.0,30,True,0.0,125.0
train,normal,aaaaaomr_s001_t000.edf,aaaaaomr,250.0,325250,1301.0,30,True,0.0,125.0
train,normal,aaaaaona_s001_t000.edf,aaaaaona,250.0,346250,1385.0,31,True,0.0,125.0
train,normal,aaaaaonc_s001_t002.edf,aaaaaonc,250.0,252500,1010.0,30,True,0.0,125.0
train,normal,aaaaaond_s001_t001.edf,aaaaaond,250.0,290250,1161.0,30,True,0.0,125.0
train,normal,aaaaaone_s001_t001.edf,aaaaaone,250.0,271000,1084.0,30,True,0.0,125.0
train,normal,aaaaaoni_s001_t001.edf,aaaaaoni,250.0,275000,1100.0,30,True,0.0,125.0
train,normal,aaaaaonk_s001_t000.edf,aaaaaonk,250.0,401250,1605.0,30,True,0.0,125.0
train,normal,aaaaaonv_s001_t001.edf,aaaaaonv,250.0,288250,1153.0,31,True,0.0,125.0
train,normal,aaaaaoob_s001_t000.edf,aaaaaoob,256.0,368640,1440.0,27,True,0.0,128.0
train,normal,aaaaaood_s001_t002.edf,aaaaaood,256.0,260608,1018.0,27,True,0.0,128.0
train,normal,aaaaaoow_s001_t000.edf,aaaaaoow,250.0,330500,1322.0,36,True,0.0,125.0
train,normal,aaaaaopc_s001_t000.edf,aaaaaopc,250.0,312500,1250.0,36,True,0.0,125.0
train,normal,aaaaaopf_s001_t000.edf,aaaaaopf,256.0,384000,1500.0,28,True,0.0,128.0
train,normal,aaaaaoph_s001_t000.edf,aaaaaoph,256.0,384256,1501.0,28,True,0.0,128.0
train,normal,aaaaaopl_s001_t000.edf,aaaaaopl,256.0,385536,1506.0,28,True,0.0,128.0
train,normal,aaaaaopm_s001_t000.edf,aaaaaopm,256.0,384256,1501.0,28,True,0.0,128.0
train,normal,aaaaaopn_s001_t000.edf,aaaaaopn,250.0,334000,1336.0,36,True,0.0,125.0
train,normal,aaaaaopp_s001_t000.edf,aaaaaopp,250.0,331000,1324.0,30,True,0.0,125.0
train,normal,aaaaaopz_s001_t000.edf,aaaaaopz,250.0,331750,1327.0,31,True,0.0,125.0
train,normal,aaaaaoqe_s001_t000.edf,aaaaaoqe,250.0,361000,1444.0,30,True,0.0,125.0
train,normal,aaaaaoql_s001_t001.edf,aaaaaoql,250.0,344500,1378.0,30,True,0.0,125.0
train,normal,aaaaaoqm_s001_t000.edf,aaaaaoqm,250.0,399500,1598.0,30,True,0.0,125.0
train,normal,aaaaaoqp_s001_t000.edf,aaaaaoqp,250.0,331500,1326.0,30,True,0.0,125.0
train,normal,aaaaaoqq_s001_t000.edf,aaaaaoqq,250.0,414250,1657.0,30,True,0.0,125.0
train,normal,aaaaaoqu_s001_t000.edf,aaaaaoqu,250.0,396250,1585.0,30,True,0.0,125.0
train,normal,aaaaaoqv_s002_t000.edf,aaaaaoqv,250.0,779500,3118.0,30,True,0.0,125.0
train,normal,aaaaaoqy_s001_t001.edf,aaaaaoqy,250.0,328250,1313.0,31,True,0.0,125.0
train,normal,aaaaaorb_s001_t000.edf,aaaaaorb,256.0,389376,1521.0,27,True,0.0,128.0
train,normal,aaaaaore_s001_t000.edf,aaaaaore,250.0,396750,1587.0,36,True,0.0,125.0
train,normal,aaaaaori_s001_t000.edf,aaaaaori,250.0,393500,1574.0,36,True,0.0,125.0
train,normal,aaaaaorn_s002_t000.edf,aaaaaorn,250.0,395000,1580.0,36,True,0.0,125.0
train,normal,aaaaaorr_s001_t001.edf,aaaaaorr,250.0,363500,1454.0,30,True,0.0,125.0
train,normal,aaaaaors_s001_t001.edf,aaaaaors,250.0,302000,1208.0,30,True,0.0,125.0
train,normal,aaaaaoru_s001_t001.edf,aaaaaoru,250.0,339250,1357.0,30,True,0.0,125.0
train,normal,aaaaaorv_s001_t000.edf,aaaaaorv,250.0,384250,1537.0,30,True,0.0,125.0
train,normal,aaaaaosa_s001_t000.edf,aaaaaosa,250.0,366750,1467.0,30,True,0.0,125.0
train,normal,aaaaaosb_s002_t001.edf,aaaaaosb,250.0,319500,1278.0,30,True,0.0,125.0
train,normal,aaaaaosj_s001_t000.edf,aaaaaosj,250.0,345750,1383.0,30,True,0.0,125.0
train,normal,aaaaaosn_s001_t000.edf,aaaaaosn,250.0,360500,1442.0,30,True,0.0,125.0
train,normal,aaaaaosq_s001_t000.edf,aaaaaosq,250.0,378750,1515.0,30,True,0.0,125.0
train,normal,aaaaaost_s001_t001.edf,aaaaaost,250.0,263500,1054.0,31,True,0.0,125.0
train,normal,aaaaaotd_s001_t000.edf,aaaaaotd,250.0,377500,1510.0,36,True,0.0,125.0
train,normal,aaaaaotg_s001_t000.edf,aaaaaotg,250.0,392250,1569.0,36,True,0.0,125.0
train,normal,aaaaaotj_s001_t000.edf,aaaaaotj,250.0,390250,1561.0,36,True,0.0,125.0
train,normal,aaaaaotk_s001_t000.edf,aaaaaotk,250.0,397500,1590.0,36,True,0.0,125.0
train,normal,aaaaaotl_s001_t000.edf,aaaaaotl,250.0,375500,1502.0,36,True,0.0,125.0
train,normal,aaaaaotv_s001_t000.edf,aaaaaotv,250.0,382500,1530.0,36,True,0.0,125.0
train,normal,aaaaaotx_s001_t000.edf,aaaaaotx,250.0,367000,1468.0,36,True,0.0,125.0
train,normal,aaaaaotz_s001_t000.edf,aaaaaotz,250.0,382750,1531.0,36,True,0.0,125.0
train,normal,aaaaaoua_s001_t001.edf,aaaaaoua,250.0,372250,1489.0,36,True,0.0,125.0
train,normal,aaaaaouh_s001_t000.edf,aaaaaouh,250.0,342500,1370.0,30,True,0.0,125.0
train,normal,aaaaaoun_s001_t000.edf,aaaaaoun,250.0,450250,1801.0,36,True,0.0,125.0
train,normal,aaaaaouv_s001_t000.edf,aaaaaouv,250.0,401000,1604.0,30,True,0.0,125.0
train,normal,aaaaaovj_s001_t000.edf,aaaaaovj,250.0,310500,1242.0,30,True,0.0,125.0
train,normal,aaaaaovr_s001_t000.edf,aaaaaovr,250.0,375750,1503.0,36,True,0.0,125.0
train,normal,aaaaaovw_s001_t000.edf,aaaaaovw,250.0,343000,1372.0,36,True,0.0,125.0
train,normal,aaaaaovy_s001_t000.edf,aaaaaovy,250.0,345750,1383.0,36,True,0.0,125.0
train,normal,aaaaaowe_s001_t001.edf,aaaaaowe,256.0,293120,1145.0,28,True,0.0,128.0
train,normal,aaaaaowf_s001_t000.edf,aaaaaowf,256.0,323328,1263.0,28,True,0.0,128.0
train,normal,aaaaaowg_s001_t000.edf,aaaaaowg,256.0,410880,1605.0,28,True,0.0,128.0
train,normal,aaaaaowk_s001_t000.edf,aaaaaowk,256.0,504064,1969.0,28,True,0.0,128.0
train,normal,aaaaaowm_s001_t000.edf,aaaaaowm,256.0,384256,1501.0,28,True,0.0,128.0
train,normal,aaaaaowp_s001_t001.edf,aaaaaowp,250.0,361000,1444.0,30,True,0.0,125.0
train,normal,aaaaaowr_s001_t001.edf,aaaaaowr,250.0,357750,1431.0,30,True,0.0,125.0
train,normal,aaaaaowu_s001_t000.edf,aaaaaowu,250.0,378750,1515.0,30,True,0.0,125.0
train,normal,aaaaaoxb_s001_t000.edf,aaaaaoxb,250.0,316500,1266.0,30,True,0.0,125.0
train,normal,aaaaaoxi_s001_t000.edf,aaaaaoxi,250.0,354500,1418.0,30,True,0.0,125.0
train,normal,aaaaaoxj_s001_t000.edf,aaaaaoxj,250.0,319250,1277.0,30,True,0.0,125.0
train,normal,aaaaaoxx_s001_t001.edf,aaaaaoxx,250.0,313000,1252.0,30,True,0.0,125.0
train,normal,aaaaaoya_s001_t000.edf,aaaaaoya,250.0,403750,1615.0,30,True,0.0,125.0
train,normal,aaaaaoyb_s001_t001.edf,aaaaaoyb,250.0,375500,1502.0,30,True,0.0,125.0
train,normal,aaaaaoyd_s001_t000.edf,aaaaaoyd,250.0,384750,1539.0,30,True,0.0,125.0
train,normal,aaaaaoye_s001_t001.edf,aaaaaoye,250.0,241000,964.0,30,True,0.0,125.0
train,normal,aaaaaoyh_s001_t000.edf,aaaaaoyh,250.0,348000,1392.0,30,True,0.0,125.0
train,normal,aaaaaoyi_s001_t000.edf,aaaaaoyi,250.0,314500,1258.0,30,True,0.0,125.0
train,normal,aaaaaoym_s001_t000.edf,aaaaaoym,250.0,376750,1507.0,30,True,0.0,125.0
train,normal,aaaaaoyo_s001_t000.edf,aaaaaoyo,250.0,379000,1516.0,30,True,0.0,125.0
train,normal,aaaaaoyu_s001_t000.edf,aaaaaoyu,250.0,321000,1284.0,30,True,0.0,125.0
train,normal,aaaaaoyv_s001_t000.edf,aaaaaoyv,250.0,319000,1276.0,30,True,0.0,125.0
train,normal,aaaaaoyy_s001_t000.edf,aaaaaoyy,250.0,316000,1264.0,30,True,0.0,125.0
train,normal,aaaaaozg_s001_t000.edf,aaaaaozg,250.0,375500,1502.0,30,True,0.0,125.0
train,normal,aaaaaozi_s001_t000.edf,aaaaaozi,250.0,447000,1788.0,30,True,0.0,125.0
train,normal,aaaaaozk_s001_t000.edf,aaaaaozk,250.0,454000,1816.0,30,True,0.0,125.0
train,normal,aaaaaozm_s001_t000.edf,aaaaaozm,250.0,410000,1640.0,30,True,0.0,125.0
train,normal,aaaaapab_s001_t000.edf,aaaaapab,250.0,382500,1530.0,36,True,0.0,125.0
train,normal,aaaaapah_s001_t000.edf,aaaaapah,250.0,376000,1504.0,36,True,0.0,125.0
train,normal,aaaaapaj_s001_t000.edf,aaaaapaj,250.0,454000,1816.0,30,True,0.0,125.0
train,normal,aaaaapat_s001_t000.edf,aaaaapat,250.0,405750,1623.0,30,True,0.0,125.0
train,normal,aaaaapay_s001_t000.edf,aaaaapay,250.0,339000,1356.0,36,True,0.0,125.0
train,normal,aaaaapay_s002_t000.edf,aaaaapay,250.0,499750,1999.0,30,True,0.0,125.0
train,normal,aaaaapaz_s001_t000.edf,aaaaapaz,250.0,402500,1610.0,30,True,0.0,125.0
train,normal,aaaaapbb_s001_t000.edf,aaaaapbb,250.0,359750,1439.0,30,True,0.0,125.0
train,normal,aaaaapbe_s001_t000.edf,aaaaapbe,250.0,379000,1516.0,30,True,0.0,125.0
train,normal,aaaaapbf_s001_t000.edf,aaaaapbf,250.0,346750,1387.0,30,True,0.0,125.0
train,normal,aaaaapbg_s001_t000.edf,aaaaapbg,250.0,614250,2457.0,30,True,0.0,125.0
train,normal,aaaaapbi_s001_t000.edf,aaaaapbi,250.0,391250,1565.0,30,True,0.0,125.0
train,normal,aaaaapbj_s001_t001.edf,aaaaapbj,256.0,304384,1189.0,34,True,0.0,128.0
train,normal,aaaaapbm_s001_t000.edf,aaaaapbm,250.0,332250,1329.0,36,True,0.0,125.0
train,normal,aaaaapbn_s001_t000.edf,aaaaapbn,250.0,334500,1338.0,36,True,0.0,125.0
train,normal,aaaaapbq_s001_t000.edf,aaaaapbq,250.0,338750,1355.0,36,True,0.0,125.0
train,normal,aaaaapbr_s001_t000.edf,aaaaapbr,250.0,349500,1398.0,36,True,0.0,125.0
train,normal,aaaaapbs_s001_t000.edf,aaaaapbs,250.0,336000,1344.0,36,True,0.0,125.0
train,normal,aaaaapbu_s001_t000.edf,aaaaapbu,250.0,352000,1408.0,36,True,0.0,125.0
train,normal,aaaaapbw_s001_t000.edf,aaaaapbw,250.0,342500,1370.0,36,True,0.0,125.0
train,normal,aaaaapbx_s001_t000.edf,aaaaapbx,250.0,336750,1347.0,36,True,0.0,125.0
train,normal,aaaaapby_s001_t000.edf,aaaaapby,250.0,346500,1386.0,36,True,0.0,125.0
train,normal,aaaaapcc_s001_t001.edf,aaaaapcc,250.0,314750,1259.0,30,True,0.0,125.0
train,normal,aaaaapcd_s001_t000.edf,aaaaapcd,250.0,342500,1370.0,30,True,0.0,125.0
train,normal,aaaaapce_s001_t001.edf,aaaaapce,250.0,395250,1581.0,30,True,0.0,125.0
train,normal,aaaaapcg_s001_t000.edf,aaaaapcg,250.0,332500,1330.0,30,True,0.0,125.0
train,normal,aaaaapch_s001_t001.edf,aaaaapch,250.0,266000,1064.0,30,True,0.0,125.0
train,normal,aaaaapcl_s001_t000.edf,aaaaapcl,250.0,397000,1588.0,30,True,0.0,125.0
train,normal,aaaaapcn_s001_t000.edf,aaaaapcn,250.0,346500,1386.0,30,True,0.0,125.0
train,normal,aaaaapcv_s001_t001.edf,aaaaapcv,250.0,301750,1207.0,30,True,0.0,125.0
train,normal,aaaaapdd_s001_t001.edf,aaaaapdd,250.0,375000,1500.0,30,True,0.0,125.0
train,normal,aaaaapde_s001_t000.edf,aaaaapde,250.0,386500,1546.0,30,True,0.0,125.0
train,normal,aaaaapdk_s001_t000.edf,aaaaapdk,250.0,378000,1512.0,30,True,0.0,125.0
train,normal,aaaaapdl_s001_t000.edf,aaaaapdl,250.0,380750,1523.0,30,True,0.0,125.0
train,normal,aaaaapdn_s001_t000.edf,aaaaapdn,250.0,386250,1545.0,30,True,0.0,125.0
train,normal,aaaaapdu_s001_t000.edf,aaaaapdu,250.0,336250,1345.0,36,True,0.0,125.0
train,normal,aaaaapej_s001_t001.edf,aaaaapej,250.0,343500,1374.0,30,True,0.0,125.0
train,normal,aaaaapel_s001_t000.edf,aaaaapel,250.0,334750,1339.0,30,True,0.0,125.0
train,normal,aaaaapem_s001_t000.edf,aaaaapem,250.0,337750,1351.0,30,True,0.0,125.0
train,normal,aaaaapen_s001_t000.edf,aaaaapen,250.0,315750,1263.0,30,True,0.0,125.0
train,normal,aaaaapeo_s001_t000.edf,aaaaapeo,250.0,366000,1464.0,30,True,0.0,125.0
train,normal,aaaaaper_s001_t000.edf,aaaaaper,250.0,330500,1322.0,36,True,0.0,125.0
train,normal,aaaaapez_s001_t000.edf,aaaaapez,250.0,376250,1505.0,30,True,0.0,125.0
train,normal,aaaaapfd_s001_t001.edf,aaaaapfd,250.0,254500,1018.0,30,True,0.0,125.0
train,normal,aaaaapfe_s001_t000.edf,aaaaapfe,250.0,338500,1354.0,36,True,0.0,125.0
train,normal,aaaaapfh_s001_t000.edf,aaaaapfh,256.0,323328,1263.0,34,True,0.0,128.0
train,normal,aaaaapfj_s001_t000.edf,aaaaapfj,250.0,317750,1271.0,30,True,0.0,125.0
train,normal,aaaaapfm_s001_t000.edf,aaaaapfm,250.0,360750,1443.0,30,True,0.0,125.0
train,normal,aaaaapfp_s001_t000.edf,aaaaapfp,250.0,372000,1488.0,30,True,0.0,125.0
train,normal,aaaaapfq_s001_t000.edf,aaaaapfq,250.0,355500,1422.0,30,True,0.0,125.0
train,normal,aaaaapfq_s002_t000.edf,aaaaapfq,250.0,435750,1743.0,30,True,0.0,125.0
train,normal,aaaaapft_s001_t000.edf,aaaaapft,250.0,379000,1516.0,30,True,0.0,125.0
train,normal,aaaaapfu_s001_t000.edf,aaaaapfu,250.0,452750,1811.0,30,True,0.0,125.0
train,normal,aaaaapfz_s001_t000.edf,aaaaapfz,250.0,422250,1689.0,30,True,0.0,125.0
train,normal,aaaaapgc_s001_t000.edf,aaaaapgc,250.0,851000,3404.0,30,True,0.0,125.0
train,normal,aaaaapgd_s001_t000.edf,aaaaapgd,250.0,410000,1640.0,30,True,0.0,125.0
train,normal,aaaaapgl_s001_t000.edf,aaaaapgl,250.0,440750,1763.0,30,True,0.0,125.0
train,normal,aaaaapgm_s001_t000.edf,aaaaapgm,250.0,415750,1663.0,30,True,0.0,125.0
train,normal,aaaaapgp_s001_t000.edf,aaaaapgp,250.0,404500,1618.0,30,True,0.0,125.0
train,normal,aaaaapgu_s001_t000.edf,aaaaapgu,250.0,333500,1334.0,36,True,0.0,125.0
train,normal,aaaaapgy_s001_t000.edf,aaaaapgy,250.0,330500,1322.0,36,True,0.0,125.0
train,normal,aaaaaphq_s001_t000.edf,aaaaaphq,250.0,330750,1323.0,36,True,0.0,125.0
train,normal,aaaaaphv_s001_t000.edf,aaaaaphv,250.0,321750,1287.0,30,True,0.0,125.0
train,normal,aaaaaphz_s001_t000.edf,aaaaaphz,250.0,316750,1267.0,30,True,0.0,125.0
train,normal,aaaaapia_s001_t000.edf,aaaaapia,250.0,308500,1234.0,30,True,0.0,125.0
train,normal,aaaaapie_s001_t000.edf,aaaaapie,250.0,316500,1266.0,30,True,0.0,125.0
train,normal,aaaaapif_s001_t000.edf,aaaaapif,250.0,313750,1255.0,30,True,0.0,125.0
train,normal,aaaaapig_s001_t000.edf,aaaaapig,250.0,309250,1237.0,30,True,0.0,125.0
train,normal,aaaaapik_s001_t001.edf,aaaaapik,250.0,301250,1205.0,30,True,0.0,125.0
train,normal,aaaaapim_s001_t000.edf,aaaaapim,250.0,321750,1287.0,30,True,0.0,125.0
train,normal,aaaaapip_s001_t000.edf,aaaaapip,250.0,309750,1239.0,30,True,0.0,125.0
train,normal,aaaaapiq_s001_t000.edf,aaaaapiq,250.0,335500,1342.0,30,True,0.0,125.0
train,normal,aaaaapix_s001_t000.edf,aaaaapix,250.0,429750,1719.0,30,True,0.0,125.0
train,normal,aaaaapiy_s001_t001.edf,aaaaapiy,250.0,428500,1714.0,30,True,0.0,125.0
train,normal,aaaaapja_s001_t000.edf,aaaaapja,250.0,405750,1623.0,30,True,0.0,125.0
train,normal,aaaaapji_s001_t000.edf,aaaaapji,250.0,426000,1704.0,30,True,0.0,125.0
train,normal,aaaaapjj_s001_t000.edf,aaaaapjj,250.0,332250,1329.0,36,True,0.0,125.0
train,normal,aaaaapjk_s001_t000.edf,aaaaapjk,250.0,331250,1325.0,36,True,0.0,125.0
train,normal,aaaaapjm_s001_t000.edf,aaaaapjm,250.0,333750,1335.0,36,True,0.0,125.0
train,normal,aaaaapjo_s001_t000.edf,aaaaapjo,250.0,331500,1326.0,36,True,0.0,125.0
train,normal,aaaaapjq_s001_t000.edf,aaaaapjq,250.0,337750,1351.0,36,True,0.0,125.0
train,normal,aaaaapju_s001_t000.edf,aaaaapju,250.0,338000,1352.0,30,True,0.0,125.0
train,normal,aaaaapjz_s001_t000.edf,aaaaapjz,250.0,323750,1295.0,30,True,0.0,125.0
train,normal,aaaaapkb_s001_t000.edf,aaaaapkb,250.0,390500,1562.0,30,True,0.0,125.0
train,normal,aaaaapkc_s001_t000.edf,aaaaapkc,250.0,382750,1531.0,30,True,0.0,125.0
train,normal,aaaaapke_s001_t000.edf,aaaaapke,250.0,421000,1684.0,30,True,0.0,125.0
train,normal,aaaaapkh_s001_t000.edf,aaaaapkh,250.0,338000,1352.0,36,True,0.0,125.0
train,normal,aaaaapkm_s001_t000.edf,aaaaapkm,250.0,382250,1529.0,36,True,0.0,125.0
train,normal,aaaaapkm_s002_t001.edf,aaaaapkm,250.0,326750,1307.0,36,True,0.0,125.0
train,normal,aaaaapkq_s001_t000.edf,aaaaapkq,250.0,308750,1235.0,30,True,0.0,125.0
train,normal,aaaaapkr_s001_t000.edf,aaaaapkr,250.0,331250,1325.0,30,True,0.0,125.0
train,normal,aaaaapku_s001_t000.edf,aaaaapku,250.0,348000,1392.0,30,True,0.0,125.0
train,normal,aaaaapkw_s001_t002.edf,aaaaapkw,250.0,361750,1447.0,30,True,0.0,125.0
train,normal,aaaaapky_s001_t000.edf,aaaaapky,250.0,377250,1509.0,30,True,0.0,125.0
train,normal,aaaaapld_s001_t000.edf,aaaaapld,250.0,314750,1259.0,36,True,0.0,125.0
train,normal,aaaaaplg_s001_t000.edf,aaaaaplg,250.0,330500,1322.0,36,True,0.0,125.0
train,normal,aaaaapll_s001_t000.edf,aaaaapll,250.0,360750,1443.0,36,True,0.0,125.0
train,normal,aaaaaplm_s001_t000.edf,aaaaaplm,250.0,318750,1275.0,30,True,0.0,125.0
train,normal,aaaaaplt_s001_t000.edf,aaaaaplt,250.0,309250,1237.0,30,True,0.0,125.0
train,normal,aaaaaplu_s001_t001.edf,aaaaaplu,250.0,302000,1208.0,30,True,0.0,125.0
train,normal,aaaaaplv_s001_t000.edf,aaaaaplv,250.0,309750,1239.0,30,True,0.0,125.0
train,normal,aaaaaplw_s001_t000.edf,aaaaaplw,250.0,390500,1562.0,30,True,0.0,125.0
train,normal,aaaaaplw_s002_t001.edf,aaaaaplw,250.0,325250,1301.0,36,True,0.0,125.0
train,normal,aaaaapme_s001_t001.edf,aaaaapme,250.0,261750,1047.0,30,True,0.0,125.0
train,normal,aaaaapmg_s001_t000.edf,aaaaapmg,250.0,420750,1683.0,30,True,0.0,125.0
train,normal,aaaaapmh_s001_t001.edf,aaaaapmh,256.0,322560,1260.0,27,True,0.0,128.0
train,normal,aaaaapml_s001_t000.edf,aaaaapml,250.0,317500,1270.0,30,True,0.0,125.0
train,normal,aaaaapms_s001_t001.edf,aaaaapms,256.0,324096,1266.0,27,True,0.0,128.0
train,normal,aaaaapmu_s001_t000.edf,aaaaapmu,250.0,310500,1242.0,30,True,0.0,125.0
train,normal,aaaaapmu_s002_t018.edf,aaaaapmu,250.0,1116000,4464.0,36,True,0.0,125.0
train,normal,aaaaapna_s001_t000.edf,aaaaapna,250.0,316500,1266.0,30,True,0.0,125.0
train,normal,aaaaapnb_s001_t001.edf,aaaaapnb,250.0,313000,1252.0,30,True,0.0,125.0
train,normal,aaaaapnc_s001_t000.edf,aaaaapnc,250.0,314750,1259.0,30,True,0.0,125.0
train,normal,aaaaapnd_s001_t001.edf,aaaaapnd,250.0,321250,1285.0,30,True,0.0,125.0
train,normal,aaaaapnf_s001_t001.edf,aaaaapnf,250.0,312750,1251.0,30,True,0.0,125.0
train,normal,aaaaapnk_s001_t000.edf,aaaaapnk,250.0,421000,1684.0,30,True,0.0,125.0
train,normal,aaaaapnl_s001_t001.edf,aaaaapnl,250.0,312000,1248.0,36,True,0.0,125.0
train,normal,aaaaapnq_s001_t001.edf,aaaaapnq,250.0,240750,963.0,30,True,0.0,125.0
train,normal,aaaaapnu_s001_t000.edf,aaaaapnu,250.0,421500,1686.0,30,True,0.0,125.0
train,normal,aaaaapob_s001_t002.edf,aaaaapob,250.0,564000,2256.0,36,True,0.0,125.0
train,normal,aaaaapoe_s001_t000.edf,aaaaapoe,250.0,307750,1231.0,30,True,0.0,125.0
train,normal,aaaaapog_s001_t000.edf,aaaaapog,250.0,310500,1242.0,30,True,0.0,125.0
train,normal,aaaaapoi_s001_t000.edf,aaaaapoi,250.0,308750,1235.0,30,True,0.0,125.0
train,normal,aaaaapoj_s001_t000.edf,aaaaapoj,250.0,315500,1262.0,30,True,0.0,125.0
train,normal,aaaaapok_s001_t001.edf,aaaaapok,250.0,296250,1185.0,30,True,0.0,125.0
train,normal,aaaaapom_s001_t000.edf,aaaaapom,250.0,361750,1447.0,30,True,0.0,125.0
train,normal,aaaaapos_s001_t000.edf,aaaaapos,250.0,337750,1351.0,30,True,0.0,125.0
train,normal,aaaaapou_s001_t000.edf,aaaaapou,250.0,314000,1256.0,30,True,0.0,125.0
train,normal,aaaaapoz_s001_t002.edf,aaaaapoz,250.0,259000,1036.0,30,True,0.0,125.0
train,normal,aaaaappc_s001_t001.edf,aaaaappc,250.0,255500,1022.0,30,True,0.0,125.0
train,normal,aaaaappd_s001_t000.edf,aaaaappd,250.0,425250,1701.0,30,True,0.0,125.0
train,normal,aaaaappf_s001_t000.edf,aaaaappf,250.0,247500,990.0,30,True,0.0,125.0
train,normal,aaaaappg_s001_t002.edf,aaaaappg,250.0,281000,1124.0,30,True,0.0,125.0
train,normal,aaaaapph_s001_t001.edf,aaaaapph,250.0,269000,1076.0,30,True,0.0,125.0
train,normal,aaaaappj_s001_t002.edf,aaaaappj,250.0,324000,1296.0,30,True,0.0,125.0
train,normal,aaaaappl_s001_t002.edf,aaaaappl,250.0,319750,1279.0,30,True,0.0,125.0
train,normal,aaaaappq_s001_t001.edf,aaaaappq,250.0,327250,1309.0,36,True,0.0,125.0
train,normal,aaaaappt_s002_t000.edf,aaaaappt,250.0,392750,1571.0,30,True,0.0,125.0
train,normal,aaaaappu_s001_t001.edf,aaaaappu,250.0,349750,1399.0,36,True,0.0,125.0
train,normal,aaaaappw_s001_t001.edf,aaaaappw,250.0,316000,1264.0,30,True,0.0,125.0
train,normal,aaaaappy_s001_t000.edf,aaaaappy,250.0,319500,1278.0,30,True,0.0,125.0
train,normal,aaaaapqc_s001_t000.edf,aaaaapqc,250.0,371500,1486.0,30,True,0.0,125.0
train,normal,aaaaapqj_s001_t000.edf,aaaaapqj,250.0,309250,1237.0,30,True,0.0,125.0
train,normal,aaaaapql_s001_t000.edf,aaaaapql,250.0,337000,1348.0,30,True,0.0,125.0
train,normal,aaaaapqm_s001_t000.edf,aaaaapqm,250.0,421250,1685.0,30,True,0.0,125.0
train,normal,aaaaapqn_s001_t000.edf,aaaaapqn,250.0,380750,1523.0,30,True,0.0,125.0
train,normal,aaaaapqs_s001_t000.edf,aaaaapqs,250.0,309000,1236.0,30,True,0.0,125.0
train,normal,aaaaapqu_s001_t000.edf,aaaaapqu,250.0,331250,1325.0,30,True,0.0,125.0
train,normal,aaaaapqx_s001_t000.edf,aaaaapqx,250.0,316750,1267.0,30,True,0.0,125.0
train,normal,aaaaapqz_s001_t000.edf,aaaaapqz,250.0,308000,1232.0,30,True,0.0,125.0
train,normal,aaaaaprh_s001_t001.edf,aaaaaprh,256.0,410880,1605.0,33,True,0.0,128.0
train,normal,aaaaapri_s001_t000.edf,aaaaapri,250.0,322750,1291.0,30,True,0.0,125.0
train,normal,aaaaapri_s002_t001.edf,aaaaapri,256.0,439040,1715.0,33,True,0.0,128.0
train,normal,aaaaaprk_s001_t001.edf,aaaaaprk,250.0,331250,1325.0,36,True,0.0,125.0
train,normal,aaaaaprl_s001_t001.edf,aaaaaprl,250.0,326500,1306.0,36,True,0.0,125.0
train,normal,aaaaaprq_s001_t000.edf,aaaaaprq,250.0,378250,1513.0,30,True,0.0,125.0
train,normal,aaaaaprt_s001_t000.edf,aaaaaprt,250.0,400750,1603.0,30,True,0.0,125.0
train,normal,aaaaaprw_s001_t000.edf,aaaaaprw,250.0,435250,1741.0,30,True,0.0,125.0
train,normal,aaaaaprz_s001_t000.edf,aaaaaprz,250.0,355000,1420.0,30,True,0.0,125.0
train,normal,aaaaapsa_s001_t000.edf,aaaaapsa,250.0,354000,1416.0,30,True,0.0,125.0
train,normal,aaaaapsd_s001_t001.edf,aaaaapsd,250.0,330250,1321.0,36,True,0.0,125.0
train,normal,aaaaapsf_s001_t001.edf,aaaaapsf,250.0,326000,1304.0,36,True,0.0,125.0
train,normal,aaaaapsr_s001_t000.edf,aaaaapsr,250.0,303250,1213.0,30,True,0.0,125.0
train,normal,aaaaapsv_s001_t000.edf,aaaaapsv,250.0,308000,1232.0,30,True,0.0,125.0
train,normal,aaaaapsx_s001_t000.edf,aaaaapsx,250.0,308500,1234.0,30,True,0.0,125.0
train,normal,aaaaaptb_s001_t001.edf,aaaaaptb,256.0,341248,1333.0,31,True,0.0,128.0
train,normal,aaaaaptk_s001_t000.edf,aaaaaptk,250.0,360500,1442.0,30,True,0.0,125.0
train,normal,aaaaapto_s001_t000.edf,aaaaapto,256.0,407552,1592.0,29,True,0.0,128.0
train,normal,aaaaaptv_s001_t001.edf,aaaaaptv,250.0,328000,1312.0,36,True,0.0,125.0
train,normal,aaaaaptw_s001_t001.edf,aaaaaptw,250.0,329500,1318.0,36,True,0.0,125.0
train,normal,aaaaapty_s001_t001.edf,aaaaapty,250.0,325250,1301.0,36,True,0.0,125.0
train,normal,aaaaaptz_s001_t001.edf,aaaaaptz,250.0,324500,1298.0,36,True,0.0,125.0
train,normal,aaaaapub_s001_t001.edf,aaaaapub,250.0,327750,1311.0,36,True,0.0,125.0
train,normal,aaaaapuf_s001_t001.edf,aaaaapuf,250.0,311250,1245.0,36,True,0.0,125.0
train,normal,aaaaapuk_s001_t000.edf,aaaaapuk,250.0,307500,1230.0,30,True,0.0,125.0
train,normal,aaaaapul_s001_t000.edf,aaaaapul,250.0,314750,1259.0,30,True,0.0,125.0
train,normal,aaaaapum_s001_t000.edf,aaaaapum,250.0,317250,1269.0,30,True,0.0,125.0
train,normal,aaaaapus_s001_t000.edf,aaaaapus,250.0,330750,1323.0,30,True,0.0,125.0
train,normal,aaaaapuv_s001_t000.edf,aaaaapuv,250.0,324250,1297.0,30,True,0.0,125.0
train,normal,aaaaapva_s001_t000.edf,aaaaapva,250.0,441250,1765.0,30,True,0.0,125.0
train,normal,aaaaapvg_s001_t001.edf,aaaaapvg,250.0,326000,1304.0,30,True,0.0,125.0
train,normal,aaaaapvh_s001_t001.edf,aaaaapvh,250.0,326250,1305.0,30,True,0.0,125.0
train,normal,aaaaapvi_s001_t001.edf,aaaaapvi,250.0,327000,1308.0,30,True,0.0,125.0
train,normal,aaaaapvj_s001_t001.edf,aaaaapvj,250.0,320250,1281.0,30,True,0.0,125.0
train,normal,aaaaapvl_s001_t000.edf,aaaaapvl,250.0,309750,1239.0,36,True,0.0,125.0
train,normal,aaaaapvm_s001_t000.edf,aaaaapvm,250.0,306000,1224.0,36,True,0.0,125.0
train,normal,aaaaapvq_s001_t000.edf,aaaaapvq,250.0,312750,1251.0,30,True,0.0,125.0
train,normal,aaaaapvr_s001_t000.edf,aaaaapvr,250.0,304000,1216.0,30,True,0.0,125.0
train,normal,aaaaapvt_s001_t000.edf,aaaaapvt,250.0,302250,1209.0,30,True,0.0,125.0
train,normal,aaaaapwj_s001_t001.edf,aaaaapwj,250.0,300000,1200.0,36,True,0.0,125.0
train,normal,aaaaapwq_s001_t001.edf,aaaaapwq,250.0,356500,1426.0,36,True,0.0,125.0
train,normal,aaaaapws_s001_t000.edf,aaaaapws,250.0,324250,1297.0,30,True,0.0,125.0
train,normal,aaaaapwt_s001_t000.edf,aaaaapwt,250.0,320750,1283.0,30,True,0.0,125.0
train,normal,aaaaapwv_s001_t000.edf,aaaaapwv,250.0,323250,1293.0,30,True,0.0,125.0
train,normal,aaaaapww_s001_t000.edf,aaaaapww,250.0,322250,1289.0,30,True,0.0,125.0
train,normal,aaaaapwx_s001_t000.edf,aaaaapwx,250.0,323000,1292.0,30,True,0.0,125.0
train,normal,aaaaapxk_s001_t000.edf,aaaaapxk,250.0,370500,1482.0,30,True,0.0,125.0
train,normal,aaaaapxv_s001_t001.edf,aaaaapxv,250.0,330750,1323.0,36,True,0.0,125.0
train,normal,aaaaapxy_s001_t001.edf,aaaaapxy,250.0,333250,1333.0,36,True,0.0,125.0
train,normal,aaaaapye_s001_t000.edf,aaaaapye,250.0,308500,1234.0,30,True,0.0,125.0
train,normal,aaaaapyi_s001_t000.edf,aaaaapyi,250.0,320250,1281.0,30,True,0.0,125.0
train,normal,aaaaapzu_s001_t000.edf,aaaaapzu,250.0,352000,1408.0,30,True,0.0,125.0
train,normal,aaaaaqaa_s001_t001.edf,aaaaaqaa,250.0,334750,1339.0,36,True,0.0,125.0
train,normal,aaaaaqap_s001_t000.edf,aaaaaqap,250.0,330750,1323.0,30,True,0.0,125.0
train,normal,aaaaaqaq_s001_t000.edf,aaaaaqaq,250.0,315750,1263.0,30,True,0.0,125.0
train,normal,aaaaaqax_s001_t000.edf,aaaaaqax,256.0,330240,1290.0,30,True,0.0,128.0
train,abnormal,aaaaaaaq_s004_t000.edf,aaaaaaaq,250.0,339000,1356.0,30,True,0.0,125.0
train,abnormal,aaaaaaaq_s005_t001.edf,aaaaaaaq,250.0,350250,1401.0,30,True,0.0,125.0
train,abnormal,aaaaaaat_s002_t001.edf,aaaaaaat,250.0,388250,1553.0,30,True,0.0,125.0
train,abnormal,aaaaaacq_s008_t001.edf,aaaaaacq,250.0,296000,1184.0,36,True,0.0,125.0
train,abnormal,aaaaaacq_s009_t000.edf,aaaaaacq,250.0,319750,1279.0,36,True,0.0,125.0
train,abnormal,aaaaaacq_s010_t000.edf,aaaaaacq,250.0,335750,1343.0,30,True,0.0,125.0
train,abnormal,aaaaaacz_s003_t000.edf,aaaaaacz,250.0,301250,1205.0,36,True,0.0,125.0
train,abnormal,aaaaaacz_s004_t000.edf,aaaaaacz,250.0,376250,1505.0,36,True,0.0,125.0
train,abnormal,aaaaaafg_s002_t000.edf,aaaaaafg,250.0,376250,1505.0,30,True,0.0,125.0
train,abnormal,aaaaaafs_s003_t000.edf,aaaaaafs,250.0,310750,1243.0,36,True,0.0,125.0
train,abnormal,aaaaaagt_s007_t000.edf,aaaaaagt,250.0,337500,1350.0,36,True,0.0,125.0
train,abnormal,aaaaaahf_s002_t000.edf,aaaaaahf,250.0,301750,1207.0,30,True,0.0,125.0
train,abnormal,aaaaaaju_s005_t000.edf,aaaaaaju,250.0,360500,1442.0,36,True,0.0,125.0
train,abnormal,aaaaaaju_s006_t001.edf,aaaaaaju,250.0,299250,1197.0,36,True,0.0,125.0
train,abnormal,aaaaaaju_s007_t000.edf,aaaaaaju,250.0,311000,1244.0,30,True,0.0,125.0
train,abnormal,aaaaaakr_s004_t000.edf,aaaaaakr,250.0,387250,1549.0,36,True,0.0,125.0
train,abnormal,aaaaaakr_s005_t000.edf,aaaaaakr,250.0,346000,1384.0,30,True,0.0,125.0
train,abnormal,aaaaaald_s005_t000.edf,aaaaaald,250.0,313000,1252.0,30,True,0.0,125.0
train,abnormal,aaaaaaly_s003_t001.edf,aaaaaaly,250.0,298750,1195.0,36,True,0.0,125.0
train,abnormal,aaaaaamc_s006_t001.edf,aaaaaamc,250.0,309500,1238.0,36,True,0.0,125.0
train,abnormal,aaaaaanr_s004_t000.edf,aaaaaanr,250.0,317750,1271.0,30,True,0.0,125.0
train,abnormal,aaaaaaoy_s008_t000.edf,aaaaaaoy,250.0,305750,1223.0,36,True,0.0,125.0
train,abnormal,aaaaaarq_s007_t000.edf,aaaaaarq,250.0,301000,1204.0,36,True,0.0,125.0
train,abnormal,aaaaaarq_s008_t000.edf,aaaaaarq,250.0,362500,1450.0,36,True,0.0,125.0
train,abnormal,aaaaaaru_s004_t001.edf,aaaaaaru,250.0,298750,1195.0,36,True,0.0,125.0
train,abnormal,aaaaaaru_s005_t000.edf,aaaaaaru,250.0,303000,1212.0,30,True,0.0,125.0
train,abnormal,aaaaaaru_s006_t000.edf,aaaaaaru,250.0,344750,1379.0,36,True,0.0,125.0
train,abnormal,aaaaaasn_s002_t000.edf,aaaaaasn,250.0,346500,1386.0,36,True,0.0,125.0
train,abnormal,aaaaaath_s004_t000.edf,aaaaaath,250.0,312500,1250.0,36,True,0.0,125.0
train,abnormal,aaaaaath_s005_t000.edf,aaaaaath,250.0,300500,1202.0,30,True,0.0,125.0
train,abnormal,aaaaaauj_s004_t000.edf,aaaaaauj,250.0,311250,1245.0,30,True,0.0,125.0
train,abnormal,aaaaaavr_s003_t000.edf,aaaaaavr,250.0,356500,1426.0,36,True,0.0,125.0
train,abnormal,aaaaaavr_s004_t000.edf,aaaaaavr,250.0,357750,1431.0,30,True,0.0,125.0
train,abnormal,aaaaaavx_s006_t000.edf,aaaaaavx,250.0,285750,1143.0,30,True,0.0,125.0
train,abnormal,aaaaaavz_s005_t001.edf,aaaaaavz,250.0,295250,1181.0,36,True,0.0,125.0
train,abnormal,aaaaaaxa_s005_t000.edf,aaaaaaxa,250.0,390750,1563.0,30,True,0.0,125.0
train,abnormal,aaaaaaxa_s006_t001.edf,aaaaaaxa,250.0,297750,1191.0,36,True,0.0,125.0
train,abnormal,aaaaaazq_s006_t002.edf,aaaaaazq,250.0,289750,1159.0,36,True,0.0,125.0
train,abnormal,aaaaabbx_s003_t001.edf,aaaaabbx,250.0,296500,1186.0,36,True,0.0,125.0
train,abnormal,aaaaabco_s003_t000.edf,aaaaabco,250.0,315250,1261.0,30,True,0.0,125.0
train,abnormal,aaaaabda_s002_t000.edf,aaaaabda,250.0,339000,1356.0,30,True,0.0,125.0
train,abnormal,aaaaabdn_s002_t001.edf,aaaaabdn,250.0,332000,1328.0,36,True,0.0,125.0
train,abnormal,aaaaabdn_s004_t000.edf,aaaaabdn,250.0,414250,1657.0,30,True,0.0,125.0
train,abnormal,aaaaabha_s003_t001.edf,aaaaabha,250.0,313500,1254.0,36,True,0.0,125.0
train,abnormal,aaaaabhz_s002_t000.edf,aaaaabhz,250.0,400250,1601.0,36,True,0.0,125.0
train,abnormal,aaaaabhz_s007_t001.edf,aaaaabhz,250.0,308250,1233.0,36,True,0.0,125.0
train,abnormal,aaaaabhz_s017_t000.edf,aaaaabhz,250.0,306000,1224.0,30,True,0.0,125.0
train,abnormal,aaaaabii_s002_t000.edf,aaaaabii,250.0,303000,1212.0,36,True,0.0,125.0
train,abnormal,aaaaabiw_s014_t000.edf,aaaaabiw,250.0,389250,1557.0,30,True,0.0,125.0
train,abnormal,aaaaabiw_s015_t000.edf,aaaaabiw,250.0,300500,1202.0,36,True,0.0,125.0
train,abnormal,aaaaabjt_s004_t000.edf,aaaaabjt,250.0,366250,1465.0,36,True,0.0,125.0
train,abnormal,aaaaabju_s002_t000.edf,aaaaabju,250.0,325000,1300.0,36,True,0.0,125.0
train,abnormal,aaaaabom_s008_t000.edf,aaaaabom,250.0,303250,1213.0,36,True,0.0,125.0
train,abnormal,aaaaabrc_s005_t000.edf,aaaaabrc,250.0,359000,1436.0,36,True,0.0,125.0
train,abnormal,aaaaabrc_s006_t000.edf,aaaaabrc,250.0,411750,1647.0,30,True,0.0,125.0
train,abnormal,aaaaabrx_s005_t001.edf,aaaaabrx,250.0,324000,1296.0,30,True,0.0,125.0
train,abnormal,aaaaabue_s003_t000.edf,aaaaabue,250.0,314000,1256.0,36,True,0.0,125.0
train,abnormal,aaaaabue_s005_t000.edf,aaaaabue,250.0,305250,1221.0,36,True,0.0,125.0
train,abnormal,aaaaabvu_s005_t000.edf,aaaaabvu,250.0,318500,1274.0,36,True,0.0,125.0
train,abnormal,aaaaabzu_s003_t000.edf,aaaaabzu,250.0,302250,1209.0,36,True,0.0,125.0
train,abnormal,aaaaabzu_s004_t000.edf,aaaaabzu,250.0,345750,1383.0,36,True,0.0,125.0
train,abnormal,aaaaaceh_s003_t001.edf,aaaaaceh,250.0,296250,1185.0,36,True,0.0,125.0
train,abnormal,aaaaaceh_s004_t000.edf,aaaaaceh,250.0,372500,1490.0,30,True,0.0,125.0
train,abnormal,aaaaacej_s004_t001.edf,aaaaacej,250.0,304000,1216.0,36,True,0.0,125.0
train,abnormal,aaaaaces_s006_t001.edf,aaaaaces,250.0,298500,1194.0,36,True,0.0,125.0
train,abnormal,aaaaacfa_s002_t000.edf,aaaaacfa,250.0,301000,1204.0,36,True,0.0,125.0
train,abnormal,aaaaacfa_s003_t000.edf,aaaaacfa,250.0,331250,1325.0,30,True,0.0,125.0
train,abnormal,aaaaacjh_s003_t002.edf,aaaaacjh,250.0,295000,1180.0,36,True,0.0,125.0
train,abnormal,aaaaacjh_s005_t000.edf,aaaaacjh,250.0,319500,1278.0,30,True,0.0,125.0
train,abnormal,aaaaacjw_s002_t000.edf,aaaaacjw,250.0,387500,1550.0,36,True,0.0,125.0
train,abnormal,aaaaacjw_s003_t001.edf,aaaaacjw,250.0,296250,1185.0,36,True,0.0,125.0
train,abnormal,aaaaacjw_s004_t000.edf,aaaaacjw,250.0,301000,1204.0,36,True,0.0,125.0
train,abnormal,aaaaacnq_s004_t000.edf,aaaaacnq,250.0,327750,1311.0,36,True,0.0,125.0
train,abnormal,aaaaacns_s002_t002.edf,aaaaacns,250.0,287000,1148.0,30,True,0.0,125.0
train,abnormal,aaaaacns_s003_t000.edf,aaaaacns,250.0,308500,1234.0,30,True,0.0,125.0
train,abnormal,aaaaacod_s004_t000.edf,aaaaacod,250.0,358000,1432.0,36,True,0.0,125.0
train,abnormal,aaaaacqn_s002_t004.edf,aaaaacqn,250.0,600500,2402.0,36,True,0.0,125.0
train,abnormal,aaaaacrt_s004_t000.edf,aaaaacrt,250.0,372250,1489.0,36,True,0.0,125.0
train,abnormal,aaaaacrz_s002_t000.edf,aaaaacrz,250.0,301000,1204.0,30,True,0.0,125.0
train,abnormal,aaaaacrz_s003_t004.edf,aaaaacrz,512.0,692224,1352.0,34,True,0.0,256.0
train,abnormal,aaaaacsa_s003_t001.edf,aaaaacsa,250.0,321500,1286.0,36,True,0.0,125.0
train,abnormal,aaaaacsg_s003_t000.edf,aaaaacsg,250.0,302750,1211.0,30,True,0.0,125.0
train,abnormal,aaaaacsy_s002_t000.edf,aaaaacsy,250.0,324000,1296.0,30,True,0.0,125.0
train,abnormal,aaaaactf_s004_t000.edf,aaaaactf,250.0,302500,1210.0,36,True,0.0,125.0
train,abnormal,aaaaactf_s005_t000.edf,aaaaactf,250.0,336250,1345.0,36,True,0.0,125.0
train,abnormal,aaaaactf_s008_t000.edf,aaaaactf,250.0,303000,1212.0,36,True,0.0,125.0
train,abnormal,aaaaacuc_s004_t000.edf,aaaaacuc,250.0,351000,1404.0,36,True,0.0,125.0
train,abnormal,aaaaadbw_s002_t000.edf,aaaaadbw,250.0,305500,1222.0,36,True,0.0,125.0
train,abnormal,aaaaades_s002_t000.edf,aaaaades,250.0,363000,1452.0,36,True,0.0,125.0
train,abnormal,aaaaadir_s003_t000.edf,aaaaadir,250.0,337500,1350.0,36,True,0.0,125.0
train,abnormal,aaaaadir_s005_t002.edf,aaaaadir,250.0,320750,1283.0,36,True,0.0,125.0
train,abnormal,aaaaadjb_s003_t000.edf,aaaaadjb,250.0,301750,1207.0,36,True,0.0,125.0
train,abnormal,aaaaadji_s005_t001.edf,aaaaadji,250.0,298500,1194.0,36,True,0.0,125.0
train,abnormal,aaaaadji_s006_t000.edf,aaaaadji,250.0,339250,1357.0,36,True,0.0,125.0
train,abnormal,aaaaadli_s004_t000.edf,aaaaadli,250.0,349750,1399.0,36,True,0.0,125.0
train,abnormal,aaaaadli_s005_t000.edf,aaaaadli,250.0,406750,1627.0,30,True,0.0,125.0
train,abnormal,aaaaadlo_s003_t001.edf,aaaaadlo,250.0,295500,1182.0,36,True,0.0,125.0
train,abnormal,aaaaadmi_s004_t000.edf,aaaaadmi,250.0,301000,1204.0,36,True,0.0,125.0
train,abnormal,aaaaadnb_s004_t000.edf,aaaaadnb,250.0,301000,1204.0,36,True,0.0,125.0
train,abnormal,aaaaadnb_s006_t000.edf,aaaaadnb,250.0,335000,1340.0,36,True,0.0,125.0
train,abnormal,aaaaadng_s002_t000.edf,aaaaadng,250.0,300750,1203.0,36,True,0.0,125.0
train,abnormal,aaaaadom_s005_t000.edf,aaaaadom,250.0,331000,1324.0,36,True,0.0,125.0
train,abnormal,aaaaadpj_s008_t000.edf,aaaaadpj,250.0,301500,1206.0,36,True,0.0,125.0
train,abnormal,aaaaadrn_s004_t003.edf,aaaaadrn,250.0,313250,1253.0,30,True,0.0,125.0
train,abnormal,aaaaadrn_s005_t000.edf,aaaaadrn,250.0,331750,1327.0,36,True,0.0,125.0
train,abnormal,aaaaadsy_s003_t001.edf,aaaaadsy,250.0,320750,1283.0,30,True,0.0,125.0
train,abnormal,aaaaadsy_s004_t004.edf,aaaaadsy,256.0,344064,1344.0,33,True,0.0,128.0
train,abnormal,aaaaadus_s002_t001.edf,aaaaadus,250.0,298750,1195.0,36,True,0.0,125.0
train,abnormal,aaaaaeap_s003_t001.edf,aaaaaeap,250.0,368500,1474.0,36,True,0.0,125.0
train,abnormal,aaaaaebk_s003_t000.edf,aaaaaebk,250.0,300750,1203.0,36,True,0.0,125.0
train,abnormal,aaaaaebk_s004_t000.edf,aaaaaebk,250.0,302500,1210.0,36,True,0.0,125.0
train,abnormal,aaaaaebk_s005_t000.edf,aaaaaebk,250.0,303500,1214.0,36,True,0.0,125.0
train,abnormal,aaaaaebk_s006_t000.edf,aaaaaebk,250.0,312000,1248.0,36,True,0.0,125.0
train,abnormal,aaaaaebk_s007_t000.edf,aaaaaebk,250.0,310750,1243.0,36,True,0.0,125.0
train,abnormal,aaaaaebk_s011_t001.edf,aaaaaebk,250.0,430500,1722.0,36,True,0.0,125.0
train,abnormal,aaaaaebk_s016_t000.edf,aaaaaebk,250.0,327500,1310.0,36,True,0.0,125.0
train,abnormal,aaaaaebk_s017_t000.edf,aaaaaebk,250.0,340250,1361.0,36,True,0.0,125.0
train,abnormal,aaaaaebv_s002_t000.edf,aaaaaebv,256.0,384512,1502.0,27,True,0.0,128.0
train,abnormal,aaaaaebx_s003_t000.edf,aaaaaebx,250.0,300500,1202.0,36,True,0.0,125.0
train,abnormal,aaaaaebx_s004_t000.edf,aaaaaebx,250.0,301250,1205.0,36,True,0.0,125.0
train,abnormal,aaaaaebx_s005_t000.edf,aaaaaebx,256.0,308224,1204.0,34,True,0.0,128.0
train,abnormal,aaaaaedq_s006_t000.edf,aaaaaedq,250.0,313250,1253.0,31,True,0.0,125.0
train,abnormal,aaaaaedq_s007_t000.edf,aaaaaedq,256.0,326400,1275.0,29,True,0.0,128.0
train,abnormal,aaaaaeeq_s009_t000.edf,aaaaaeeq,250.0,301500,1206.0,36,True,0.0,125.0
train,abnormal,aaaaaeer_s002_t000.edf,aaaaaeer,250.0,335000,1340.0,36,True,0.0,125.0
train,abnormal,aaaaaees_s003_t000.edf,aaaaaees,250.0,393500,1574.0,30,True,0.0,125.0
train,abnormal,aaaaaefp_s002_t001.edf,aaaaaefp,250.0,306000,1224.0,36,True,0.0,125.0
train,abnormal,aaaaaefp_s003_t000.edf,aaaaaefp,250.0,308250,1233.0,36,True,0.0,125.0
train,abnormal,aaaaaegi_s003_t000.edf,aaaaaegi,250.0,357000,1428.0,30,True,0.0,125.0
train,abnormal,aaaaaegy_s002_t000.edf,aaaaaegy,250.0,303750,1215.0,30,True,0.0,125.0
train,abnormal,aaaaaehn_s002_t000.edf,aaaaaehn,250.0,365500,1462.0,36,True,0.0,125.0
train,abnormal,aaaaaehr_s002_t001.edf,aaaaaehr,250.0,327500,1310.0,36,True,0.0,125.0
train,abnormal,aaaaaejm_s008_t000.edf,aaaaaejm,250.0,331250,1325.0,36,True,0.0,125.0
train,abnormal,aaaaaelo_s002_t000.edf,aaaaaelo,250.0,364000,1456.0,31,True,0.0,125.0
train,abnormal,aaaaaelp_s002_t000.edf,aaaaaelp,250.0,300750,1203.0,36,True,0.0,125.0
train,abnormal,aaaaaelp_s005_t000.edf,aaaaaelp,250.0,300750,1203.0,36,True,0.0,125.0
train,abnormal,aaaaaelp_s006_t000.edf,aaaaaelp,250.0,303000,1212.0,36,True,0.0,125.0
train,abnormal,aaaaaelp_s007_t000.edf,aaaaaelp,250.0,302250,1209.0,30,True,0.0,125.0
train,abnormal,aaaaaeog_s003_t000.edf,aaaaaeog,250.0,308250,1233.0,36,True,0.0,125.0
train,abnormal,aaaaaeqd_s010_t000.edf,aaaaaeqd,250.0,302750,1211.0,36,True,0.0,125.0
train,abnormal,aaaaaeuh_s003_t000.edf,aaaaaeuh,250.0,303250,1213.0,30,True,0.0,125.0
train,abnormal,aaaaaewf_s002_t000.edf,aaaaaewf,250.0,364250,1457.0,30,True,0.0,125.0
train,abnormal,aaaaaewg_s006_t000.edf,aaaaaewg,250.0,301500,1206.0,36,True,0.0,125.0
train,abnormal,aaaaaeyq_s003_t000.edf,aaaaaeyq,250.0,300500,1202.0,36,True,0.0,125.0
train,abnormal,aaaaaezj_s002_t000.edf,aaaaaezj,250.0,344250,1377.0,30,True,0.0,125.0
train,abnormal,aaaaaezj_s003_t000.edf,aaaaaezj,250.0,302250,1209.0,30,True,0.0,125.0
train,abnormal,aaaaafaf_s004_t002.edf,aaaaafaf,250.0,294000,1176.0,36,True,0.0,125.0
train,abnormal,aaaaaffn_s003_t000.edf,aaaaaffn,250.0,301250,1205.0,30,True,0.0,125.0
train,abnormal,aaaaafge_s003_t000.edf,aaaaafge,250.0,358500,1434.0,36,True,0.0,125.0
train,abnormal,aaaaafgz_s002_t000.edf,aaaaafgz,250.0,300750,1203.0,36,True,0.0,125.0
train,abnormal,aaaaafhi_s002_t000.edf,aaaaafhi,250.0,333000,1332.0,36,True,0.0,125.0
train,abnormal,aaaaafhi_s003_t003.edf,aaaaafhi,250.0,420500,1682.0,30,True,0.0,125.0
train,abnormal,aaaaafif_s004_t000.edf,aaaaafif,250.0,324250,1297.0,30,True,0.0,125.0
train,abnormal,aaaaafiy_s002_t001.edf,aaaaafiy,250.0,297000,1188.0,36,True,0.0,125.0
train,abnormal,aaaaafjj_s005_t000.edf,aaaaafjj,250.0,302500,1210.0,36,True,0.0,125.0
train,abnormal,aaaaafkd_s003_t000.edf,aaaaafkd,250.0,417750,1671.0,36,True,0.0,125.0
train,abnormal,aaaaaflq_s004_t000.edf,aaaaaflq,250.0,312000,1248.0,30,True,0.0,125.0
train,abnormal,aaaaafmg_s002_t000.edf,aaaaafmg,250.0,247750,991.0,36,True,0.0,125.0
train,abnormal,aaaaafpj_s002_t000.edf,aaaaafpj,250.0,319500,1278.0,30,True,0.0,125.0
train,abnormal,aaaaafpj_s003_t000.edf,aaaaafpj,250.0,319750,1279.0,30,True,0.0,125.0
train,abnormal,aaaaafpj_s004_t000.edf,aaaaafpj,250.0,307000,1228.0,30,True,0.0,125.0
train,abnormal,aaaaafpj_s005_t000.edf,aaaaafpj,256.0,633088,2473.0,27,True,0.0,128.0
train,abnormal,aaaaafps_s002_t001.edf,aaaaafps,250.0,317250,1269.0,36,True,0.0,125.0
train,abnormal,aaaaafqu_s002_t000.edf,aaaaafqu,250.0,419000,1676.0,36,True,0.0,125.0
train,abnormal,aaaaafra_s002_t000.edf,aaaaafra,250.0,384500,1538.0,36,True,0.0,125.0
train,abnormal,aaaaaftk_s007_t000.edf,aaaaaftk,250.0,300500,1202.0,36,True,0.0,125.0
train,abnormal,aaaaaftk_s008_t002.edf,aaaaaftk,250.0,289500,1158.0,36,True,0.0,125.0
train,abnormal,aaaaaftm_s002_t000.edf,aaaaaftm,250.0,362750,1451.0,36,True,0.0,125.0
train,abnormal,aaaaafxq_s003_t001.edf,aaaaafxq,250.0,306000,1224.0,30,True,0.0,125.0
train,abnormal,aaaaafxx_s003_t000.edf,aaaaafxx,250.0,812500,3250.0,36,True,0.0,125.0
train,abnormal,aaaaafxx_s005_t000.edf,aaaaafxx,250.0,310750,1243.0,36,True,0.0,125.0
train,abnormal,aaaaagbi_s002_t000.edf,aaaaagbi,250.0,308000,1232.0,36,True,0.0,125.0
train,abnormal,aaaaagdc_s003_t000.edf,aaaaagdc,250.0,331250,1325.0,31,True,0.0,125.0
train,abnormal,aaaaagdd_s003_t001.edf,aaaaagdd,250.0,288250,1153.0,30,True,0.0,125.0
train,abnormal,aaaaaggf_s002_t000.edf,aaaaaggf,250.0,349750,1399.0,36,True,0.0,125.0
train,abnormal,aaaaaggf_s003_t000.edf,aaaaaggf,250.0,320500,1282.0,36,True,0.0,125.0
train,abnormal,aaaaagit_s003_t001.edf,aaaaagit,250.0,296500,1186.0,36,True,0.0,125.0
train,abnormal,aaaaagjc_s004_t001.edf,aaaaagjc,250.0,325000,1300.0,36,True,0.0,125.0
train,abnormal,aaaaagjc_s005_t001.edf,aaaaagjc,250.0,895500,3582.0,36,True,0.0,125.0
train,abnormal,aaaaagmy_s003_t000.edf,aaaaagmy,250.0,300750,1203.0,36,True,0.0,125.0
train,abnormal,aaaaagmy_s004_t000.edf,aaaaagmy,250.0,390250,1561.0,36,True,0.0,125.0
train,abnormal,aaaaagnh_s002_t000.edf,aaaaagnh,250.0,428500,1714.0,30,True,0.0,125.0
train,abnormal,aaaaagpk_s006_t001.edf,aaaaagpk,250.0,308250,1233.0,36,True,0.0,125.0
train,abnormal,aaaaagpk_s011_t000.edf,aaaaagpk,250.0,300750,1203.0,36,True,0.0,125.0
train,abnormal,aaaaaguy_s002_t000.edf,aaaaaguy,250.0,303250,1213.0,36,True,0.0,125.0
train,abnormal,aaaaaguy_s004_t000.edf,aaaaaguy,250.0,309000,1236.0,36,True,0.0,125.0
train,abnormal,aaaaaguy_s005_t001.edf,aaaaaguy,250.0,329000,1316.0,36,True,0.0,125.0
train,abnormal,aaaaagvm_s003_t000.edf,aaaaagvm,250.0,304000,1216.0,30,True,0.0,125.0
train,abnormal,aaaaagvr_s005_t000.edf,aaaaagvr,250.0,311000,1244.0,30,True,0.0,125.0
train,abnormal,aaaaagxr_s007_t000.edf,aaaaagxr,256.0,494080,1930.0,27,True,0.0,128.0
train,abnormal,aaaaagxr_s009_t001.edf,aaaaagxr,256.0,303872,1187.0,27,True,0.0,128.0
train,abnormal,aaaaagzh_s003_t000.edf,aaaaagzh,250.0,302000,1208.0,36,True,0.0,125.0
train,abnormal,aaaaahbm_s003_t000.edf,aaaaahbm,250.0,331000,1324.0,36,True,0.0,125.0
train,abnormal,aaaaahce_s002_t000.edf,aaaaahce,250.0,310500,1242.0,36,True,0.0,125.0
train,abnormal,aaaaahcw_s002_t000.edf,aaaaahcw,250.0,303000,1212.0,36,True,0.0,125.0
train,abnormal,aaaaahfx_s002_t000.edf,aaaaahfx,250.0,304750,1219.0,36,True,0.0,125.0
train,abnormal,aaaaahjt_s002_t000.edf,aaaaahjt,250.0,302500,1210.0,30,True,0.0,125.0
train,abnormal,aaaaahlk_s002_t000.edf,aaaaahlk,250.0,375500,1502.0,30,True,0.0,125.0
train,abnormal,aaaaahmd_s002_t000.edf,aaaaahmd,250.0,305500,1222.0,36,True,0.0,125.0
train,abnormal,aaaaahnb_s003_t001.edf,aaaaahnb,250.0,294500,1178.0,36,True,0.0,125.0
train,abnormal,aaaaahoh_s003_t000.edf,aaaaahoh,250.0,300750,1203.0,36,True,0.0,125.0
train,abnormal,aaaaahov_s003_t000.edf,aaaaahov,250.0,301000,1204.0,36,True,0.0,125.0
train,abnormal,aaaaahql_s002_t000.edf,aaaaahql,250.0,305250,1221.0,36,True,0.0,125.0
train,abnormal,aaaaahrs_s002_t001.edf,aaaaahrs,250.0,297000,1188.0,36,True,0.0,125.0
train,abnormal,aaaaahuc_s006_t001.edf,aaaaahuc,250.0,298250,1193.0,36,True,0.0,125.0
train,abnormal,aaaaahuc_s007_t000.edf,aaaaahuc,250.0,389250,1557.0,30,True,0.0,125.0
train,abnormal,aaaaahuc_s008_t000.edf,aaaaahuc,250.0,393500,1574.0,31,True,0.0,125.0
train,abnormal,aaaaahul_s003_t000.edf,aaaaahul,250.0,301500,1206.0,31,True,0.0,125.0
train,abnormal,aaaaahun_s013_t001.edf,aaaaahun,250.0,307000,1228.0,36,True,0.0,125.0
train,abnormal,aaaaahun_s014_t000.edf,aaaaahun,250.0,346750,1387.0,36,True,0.0,125.0
train,abnormal,aaaaahun_s016_t000.edf,aaaaahun,250.0,316500,1266.0,30,True,0.0,125.0
train,abnormal,aaaaahvc_s002_t000.edf,aaaaahvc,256.0,407296,1591.0,27,True,0.0,128.0
train,abnormal,aaaaahwd_s003_t001.edf,aaaaahwd,250.0,298000,1192.0,36,True,0.0,125.0
train,abnormal,aaaaahwd_s004_t001.edf,aaaaahwd,250.0,335250,1341.0,36,True,0.0,125.0
train,abnormal,aaaaahyq_s001_t001.edf,aaaaahyq,250.0,299750,1199.0,36,True,0.0,125.0
train,abnormal,aaaaahyq_s002_t000.edf,aaaaahyq,250.0,763000,3052.0,36,True,0.0,125.0
train,abnormal,aaaaahzn_s001_t000.edf,aaaaahzn,250.0,317500,1270.0,36,True,0.0,125.0
train,abnormal,aaaaahzn_s002_t000.edf,aaaaahzn,250.0,329250,1317.0,36,True,0.0,125.0
train,abnormal,aaaaahzo_s002_t001.edf,aaaaahzo,250.0,305000,1220.0,36,True,0.0,125.0
train,abnormal,aaaaaiat_s003_t000.edf,aaaaaiat,250.0,311500,1246.0,36,True,0.0,125.0
train,abnormal,aaaaaiat_s004_t000.edf,aaaaaiat,250.0,331250,1325.0,30,True,0.0,125.0
train,abnormal,aaaaaiat_s005_t003.edf,aaaaaiat,256.0,312576,1221.0,34,True,0.0,128.0
train,abnormal,aaaaaiat_s006_t005.edf,aaaaaiat,256.0,251648,983.0,34,True,0.0,128.0
train,abnormal,aaaaaiat_s010_t000.edf,aaaaaiat,250.0,310250,1241.0,30,True,0.0,125.0
train,abnormal,aaaaaiat_s011_t004.edf,aaaaaiat,256.0,380928,1488.0,34,True,0.0,128.0
train,abnormal,aaaaaibl_s003_t000.edf,aaaaaibl,256.0,312832,1222.0,34,True,0.0,128.0
train,abnormal,aaaaaibr_s007_t000.edf,aaaaaibr,250.0,337000,1348.0,36,True,0.0,125.0
train,abnormal,aaaaaibz_s001_t000.edf,aaaaaibz,256.0,307968,1203.0,34,True,0.0,128.0
train,abnormal,aaaaaicb_s001_t000.edf,aaaaaicb,250.0,360500,1442.0,36,True,0.0,125.0
train,abnormal,aaaaaicl_s001_t000.edf,aaaaaicl,250.0,301250,1205.0,36,True,0.0,125.0
train,abnormal,aaaaaicl_s003_t000.edf,aaaaaicl,250.0,301750,1207.0,36,True,0.0,125.0
train,abnormal,aaaaaicm_s001_t000.edf,aaaaaicm,250.0,293250,1173.0,36,True,0.0,125.0
train,abnormal,aaaaaict_s003_t000.edf,aaaaaict,250.0,307000,1228.0,36,True,0.0,125.0
train,abnormal,aaaaaict_s004_t000.edf,aaaaaict,250.0,811000,3244.0,36,True,0.0,125.0
train,abnormal,aaaaaict_s007_t000.edf,aaaaaict,250.0,301500,1206.0,36,True,0.0,125.0
train,abnormal,aaaaaieb_s003_t000.edf,aaaaaieb,250.0,303250,1213.0,31,True,0.0,125.0
train,abnormal,aaaaaieb_s004_t003.edf,aaaaaieb,256.0,331520,1295.0,29,True,0.0,128.0
train,abnormal,aaaaaiev_s003_t000.edf,aaaaaiev,250.0,313000,1252.0,30,True,0.0,125.0
train,abnormal,aaaaaiev_s007_t000.edf,aaaaaiev,250.0,300750,1203.0,31,True,0.0,125.0
train,abnormal,aaaaaiey_s002_t000.edf,aaaaaiey,250.0,307750,1231.0,36,True,0.0,125.0
train,abnormal,aaaaaiey_s003_t000.edf,aaaaaiey,250.0,301250,1205.0,36,True,0.0,125.0
train,abnormal,aaaaaifo_s002_t000.edf,aaaaaifo,250.0,310750,1243.0,36,True,0.0,125.0
train,abnormal,aaaaaifo_s003_t001.edf,aaaaaifo,250.0,298750,1195.0,36,True,0.0,125.0
train,abnormal,aaaaaifo_s004_t001.edf,aaaaaifo,250.0,295500,1182.0,36,True,0.0,125.0
train,abnormal,aaaaaifp_s002_t000.edf,aaaaaifp,250.0,306750,1227.0,36,True,0.0,125.0
train,abnormal,aaaaaifp_s004_t000.edf,aaaaaifp,250.0,382500,1530.0,30,True,0.0,125.0
train,abnormal,aaaaaigj_s003_t000.edf,aaaaaigj,250.0,317000,1268.0,30,True,0.0,125.0
train,abnormal,aaaaaiia_s004_t000.edf,aaaaaiia,250.0,306500,1226.0,30,True,0.0,125.0
train,abnormal,aaaaaijg_s002_t000.edf,aaaaaijg,250.0,354000,1416.0,36,True,0.0,125.0
train,abnormal,aaaaaikw_s002_t001.edf,aaaaaikw,250.0,296750,1187.0,36,True,0.0,125.0
train,abnormal,aaaaainj_s002_t000.edf,aaaaainj,256.0,353536,1381.0,28,True,0.0,128.0
train,abnormal,aaaaaint_s005_t000.edf,aaaaaint,250.0,307250,1229.0,36,True,0.0,125.0
train,abnormal,aaaaairs_s002_t000.edf,aaaaairs,250.0,351500,1406.0,36,True,0.0,125.0
train,abnormal,aaaaaisv_s002_t001.edf,aaaaaisv,250.0,321000,1284.0,36,True,0.0,125.0
train,abnormal,aaaaaiua_s001_t000.edf,aaaaaiua,250.0,312000,1248.0,36,True,0.0,125.0
train,abnormal,aaaaaiua_s002_t000.edf,aaaaaiua,250.0,315500,1262.0,36,True,0.0,125.0
train,abnormal,aaaaaiud_s001_t001.edf,aaaaaiud,250.0,300500,1202.0,36,True,0.0,125.0
train,abnormal,aaaaaiud_s002_t001.edf,aaaaaiud,250.0,296750,1187.0,36,True,0.0,125.0
train,abnormal,aaaaaiud_s003_t000.edf,aaaaaiud,250.0,303250,1213.0,36,True,0.0,125.0
train,abnormal,aaaaaivl_s002_t001.edf,aaaaaivl,250.0,311750,1247.0,36,True,0.0,125.0
train,abnormal,aaaaaiwo_s002_t000.edf,aaaaaiwo,250.0,300500,1202.0,36,True,0.0,125.0
train,abnormal,aaaaaiwo_s003_t001.edf,aaaaaiwo,250.0,284750,1139.0,36,True,0.0,125.0
train,abnormal,aaaaaiwo_s004_t002.edf,aaaaaiwo,250.0,285500,1142.0,30,True,0.0,125.0
train,abnormal,aaaaaiwr_s002_t000.edf,aaaaaiwr,250.0,308000,1232.0,36,True,0.0,125.0
train,abnormal,aaaaaiwr_s004_t000.edf,aaaaaiwr,250.0,317000,1268.0,36,True,0.0,125.0
train,abnormal,aaaaaiwr_s005_t000.edf,aaaaaiwr,250.0,301500,1206.0,36,True,0.0,125.0
train,abnormal,aaaaaiwr_s006_t000.edf,aaaaaiwr,250.0,302750,1211.0,36,True,0.0,125.0
train,abnormal,aaaaaixl_s003_t000.edf,aaaaaixl,250.0,349000,1396.0,36,True,0.0,125.0
train,abnormal,aaaaaiye_s002_t001.edf,aaaaaiye,250.0,327000,1308.0,36,True,0.0,125.0
train,abnormal,aaaaaiyg_s001_t000.edf,aaaaaiyg,250.0,301000,1204.0,36,True,0.0,125.0
train,abnormal,aaaaaiym_s002_t000.edf,aaaaaiym,250.0,308750,1235.0,36,True,0.0,125.0
train,abnormal,aaaaaiyr_s002_t000.edf,aaaaaiyr,250.0,307000,1228.0,36,True,0.0,125.0
train,abnormal,aaaaaiyr_s004_t000.edf,aaaaaiyr,250.0,315750,1263.0,30,True,0.0,125.0
train,abnormal,aaaaaiyr_s005_t001.edf,aaaaaiyr,250.0,335250,1341.0,30,True,0.0,125.0
train,abnormal,aaaaaiyt_s002_t000.edf,aaaaaiyt,250.0,312000,1248.0,30,True,0.0,125.0
train,abnormal,aaaaaizb_s004_t000.edf,aaaaaizb,250.0,324750,1299.0,30,True,0.0,125.0
train,abnormal,aaaaaizb_s005_t000.edf,aaaaaizb,250.0,300500,1202.0,36,True,0.0,125.0
train,abnormal,aaaaaizb_s006_t000.edf,aaaaaizb,250.0,290750,1163.0,30,True,0.0,125.0
train,abnormal,aaaaaizb_s007_t000.edf,aaaaaizb,250.0,336000,1344.0,30,True,0.0,125.0
train,abnormal,aaaaaizb_s008_t000.edf,aaaaaizb,250.0,310250,1241.0,30,True,0.0,125.0
train,abnormal,aaaaaizf_s004_t000.edf,aaaaaizf,250.0,347750,1391.0,30,True,0.0,125.0
train,abnormal,aaaaaizl_s003_t000.edf,aaaaaizl,250.0,359250,1437.0,36,True,0.0,125.0
train,abnormal,aaaaaizl_s004_t000.edf,aaaaaizl,250.0,360250,1441.0,36,True,0.0,125.0
train,abnormal,aaaaaizw_s003_t000.edf,aaaaaizw,250.0,311000,1244.0,36,True,0.0,125.0
train,abnormal,aaaaaizz_s011_t000.edf,aaaaaizz,250.0,325250,1301.0,36,True,0.0,125.0
train,abnormal,aaaaaizz_s012_t001.edf,aaaaaizz,250.0,300000,1200.0,36,True,0.0,125.0
train,abnormal,aaaaajap_s002_t002.edf,aaaaajap,250.0,765750,3063.0,36,True,0.0,125.0
train,abnormal,aaaaajat_s003_t001.edf,aaaaajat,250.0,313500,1254.0,36,True,0.0,125.0
train,abnormal,aaaaajat_s004_t000.edf,aaaaajat,250.0,300500,1202.0,36,True,0.0,125.0
train,abnormal,aaaaajat_s005_t001.edf,aaaaajat,250.0,310000,1240.0,36,True,0.0,125.0
train,abnormal,aaaaajat_s007_t000.edf,aaaaajat,250.0,301000,1204.0,36,True,0.0,125.0
train,abnormal,aaaaajat_s008_t000.edf,aaaaajat,250.0,301000,1204.0,36,True,0.0,125.0
train,abnormal,aaaaajat_s009_t000.edf,aaaaajat,256.0,316672,1237.0,34,True,0.0,128.0
train,abnormal,aaaaajat_s016_t000.edf,aaaaajat,256.0,340224,1329.0,34,True,0.0,128.0
train,abnormal,aaaaajat_s017_t000.edf,aaaaajat,250.0,319250,1277.0,36,True,0.0,125.0
train,abnormal,aaaaajat_s018_t000.edf,aaaaajat,250.0,362250,1449.0,30,True,0.0,125.0
train,abnormal,aaaaajbd_s001_t000.edf,aaaaajbd,250.0,354000,1416.0,36,True,0.0,125.0
train,abnormal,aaaaajbn_s002_t001.edf,aaaaajbn,250.0,313250,1253.0,36,True,0.0,125.0
train,abnormal,aaaaajdj_s002_t000.edf,aaaaajdj,250.0,317750,1271.0,30,True,0.0,125.0
train,abnormal,aaaaajdn_s002_t000.edf,aaaaajdn,250.0,302000,1208.0,36,True,0.0,125.0
train,abnormal,aaaaajdn_s013_t000.edf,aaaaajdn,250.0,302500,1210.0,36,True,0.0,125.0
train,abnormal,aaaaajdn_s014_t001.edf,aaaaajdn,250.0,299250,1197.0,36,True,0.0,125.0
train,abnormal,aaaaajee_s003_t001.edf,aaaaajee,250.0,297500,1190.0,36,True,0.0,125.0
train,abnormal,aaaaajee_s004_t000.edf,aaaaajee,250.0,304000,1216.0,36,True,0.0,125.0
train,abnormal,aaaaajez_s001_t001.edf,aaaaajez,250.0,316500,1266.0,36,True,0.0,125.0
train,abnormal,aaaaajez_s003_t000.edf,aaaaajez,250.0,338000,1352.0,30,True,0.0,125.0
train,abnormal,aaaaajez_s004_t000.edf,aaaaajez,250.0,301500,1206.0,36,True,0.0,125.0
train,abnormal,aaaaajfq_s002_t001.edf,aaaaajfq,250.0,296250,1185.0,36,True,0.0,125.0
train,abnormal,aaaaajfq_s003_t000.edf,aaaaajfq,250.0,302000,1208.0,36,True,0.0,125.0
train,abnormal,aaaaajfq_s015_t001.edf,aaaaajfq,250.0,298250,1193.0,36,True,0.0,125.0
train,abnormal,aaaaajfw_s001_t000.edf,aaaaajfw,250.0,306250,1225.0,36,True,0.0,125.0
train,abnormal,aaaaajfw_s002_t000.edf,aaaaajfw,250.0,302500,1210.0,36,True,0.0,125.0
train,abnormal,aaaaajgb_s003_t000.edf,aaaaajgb,250.0,407250,1629.0,36,True,0.0,125.0
train,abnormal,aaaaajgj_s004_t000.edf,aaaaajgj,250.0,420750,1683.0,30,True,0.0,125.0
train,abnormal,aaaaajhh_s002_t001.edf,aaaaajhh,250.0,296250,1185.0,36,True,0.0,125.0
train,abnormal,aaaaajhh_s003_t001.edf,aaaaajhh,250.0,292000,1168.0,30,True,0.0,125.0
train,abnormal,aaaaajhk_s007_t001.edf,aaaaajhk,250.0,297000,1188.0,36,True,0.0,125.0
train,abnormal,aaaaajih_s002_t000.edf,aaaaajih,250.0,346500,1386.0,36,True,0.0,125.0
train,abnormal,aaaaajik_s003_t000.edf,aaaaajik,250.0,330750,1323.0,36,True,0.0,125.0
train,abnormal,aaaaajil_s002_t001.edf,aaaaajil,250.0,296500,1186.0,36,True,0.0,125.0
train,abnormal,aaaaajil_s003_t000.edf,aaaaajil,250.0,368500,1474.0,30,True,0.0,125.0
train,abnormal,aaaaajkp_s002_t000.edf,aaaaajkp,250.0,354500,1418.0,30,True,0.0,125.0
train,abnormal,aaaaajkv_s003_t000.edf,aaaaajkv,250.0,302250,1209.0,31,True,0.0,125.0
train,abnormal,aaaaajlr_s003_t000.edf,aaaaajlr,250.0,306500,1226.0,36,True,0.0,125.0
train,abnormal,aaaaajmq_s003_t000.edf,aaaaajmq,250.0,319500,1278.0,36,True,0.0,125.0
train,abnormal,aaaaajmr_s010_t002.edf,aaaaajmr,250.0,293750,1175.0,36,True,0.0,125.0
train,abnormal,aaaaajnr_s001_t001.edf,aaaaajnr,250.0,458750,1835.0,36,True,0.0,125.0
train,abnormal,aaaaajnr_s005_t000.edf,aaaaajnr,250.0,300750,1203.0,36,True,0.0,125.0
train,abnormal,aaaaajns_s001_t001.edf,aaaaajns,250.0,430250,1721.0,36,True,0.0,125.0
train,abnormal,aaaaajnv_s001_t000.edf,aaaaajnv,250.0,301000,1204.0,36,True,0.0,125.0
train,abnormal,aaaaajob_s001_t001.edf,aaaaajob,250.0,316500,1266.0,36,True,0.0,125.0
train,abnormal,aaaaajoc_s001_t001.edf,aaaaajoc,250.0,320750,1283.0,36,True,0.0,125.0
train,abnormal,aaaaajog_s001_t001.edf,aaaaajog,250.0,320250,1281.0,36,True,0.0,125.0
train,abnormal,aaaaajox_s001_t001.edf,aaaaajox,250.0,328750,1315.0,36,True,0.0,125.0
train,abnormal,aaaaajoz_s001_t000.edf,aaaaajoz,250.0,307750,1231.0,36,True,0.0,125.0
train,abnormal,aaaaajpc_s001_t000.edf,aaaaajpc,250.0,303750,1215.0,36,True,0.0,125.0
train,abnormal,aaaaajpf_s002_t001.edf,aaaaajpf,250.0,298000,1192.0,36,True,0.0,125.0
train,abnormal,aaaaajpi_s002_t000.edf,aaaaajpi,250.0,345250,1381.0,30,True,0.0,125.0
train,abnormal,aaaaajpy_s002_t000.edf,aaaaajpy,250.0,300750,1203.0,36,True,0.0,125.0
train,abnormal,aaaaajpy_s003_t001.edf,aaaaajpy,250.0,895500,3582.0,36,True,0.0,125.0
train,abnormal,aaaaajqf_s002_t001.edf,aaaaajqf,250.0,323250,1293.0,36,True,0.0,125.0
train,abnormal,aaaaajqf_s006_t000.edf,aaaaajqf,250.0,302000,1208.0,36,True,0.0,125.0
train,abnormal,aaaaajqg_s001_t001.edf,aaaaajqg,250.0,286750,1147.0,36,True,0.0,125.0
train,abnormal,aaaaajqm_s001_t000.edf,aaaaajqm,250.0,325000,1300.0,36,True,0.0,125.0
train,abnormal,aaaaajqo_s001_t000.edf,aaaaajqo,250.0,315250,1261.0,36,True,0.0,125.0
train,abnormal,aaaaajqo_s026_t000.edf,aaaaajqo,250.0,310000,1240.0,36,True,0.0,125.0
train,abnormal,aaaaajqo_s027_t000.edf,aaaaajqo,250.0,300750,1203.0,36,True,0.0,125.0
train,abnormal,aaaaajqo_s028_t000.edf,aaaaajqo,250.0,306500,1226.0,36,True,0.0,125.0
train,abnormal,aaaaajqo_s031_t001.edf,aaaaajqo,250.0,295750,1183.0,36,True,0.0,125.0
train,abnormal,aaaaajqo_s032_t001.edf,aaaaajqo,250.0,296250,1185.0,36,True,0.0,125.0
train,abnormal,aaaaajqo_s033_t000.edf,aaaaajqo,250.0,305250,1221.0,36,True,0.0,125.0
train,abnormal,aaaaajqp_s003_t000.edf,aaaaajqp,250.0,305750,1223.0,36,True,0.0,125.0
train,abnormal,aaaaajqp_s006_t002.edf,aaaaajqp,250.0,270250,1081.0,30,True,0.0,125.0
train,abnormal,aaaaajqu_s001_t001.edf,aaaaajqu,250.0,357500,1430.0,36,True,0.0,125.0
train,abnormal,aaaaajqu_s002_t000.edf,aaaaajqu,250.0,354250,1417.0,36,True,0.0,125.0
train,abnormal,aaaaajqu_s009_t000.edf,aaaaajqu,250.0,348750,1395.0,30,True,0.0,125.0
train,abnormal,aaaaajqu_s011_t002.edf,aaaaajqu,256.0,285952,1117.0,34,True,0.0,128.0
train,abnormal,aaaaajqu_s013_t016.edf,aaaaajqu,256.0,424960,1660.0,34,True,0.0,128.0
train,abnormal,aaaaajra_s002_t002.edf,aaaaajra,250.0,281250,1125.0,36,True,0.0,125.0
train,abnormal,aaaaajra_s003_t000.edf,aaaaajra,250.0,313250,1253.0,36,True,0.0,125.0
train,abnormal,aaaaajrg_s005_t001.edf,aaaaajrg,250.0,299250,1197.0,36,True,0.0,125.0
train,abnormal,aaaaajrj_s005_t007.edf,aaaaajrj,256.0,307968,1203.0,34,True,0.0,128.0
train,abnormal,aaaaajrj_s006_t006.edf,aaaaajrj,256.0,611584,2389.0,34,True,0.0,128.0
train,abnormal,aaaaajrt_s001_t000.edf,aaaaajrt,250.0,306500,1226.0,36,True,0.0,125.0
train,abnormal,aaaaajrt_s002_t000.edf,aaaaajrt,250.0,329000,1316.0,36,True,0.0,125.0
train,abnormal,aaaaajru_s001_t000.edf,aaaaajru,250.0,301250,1205.0,36,True,0.0,125.0
train,abnormal,aaaaajru_s009_t000.edf,aaaaajru,250.0,317000,1268.0,36,True,0.0,125.0
train,abnormal,aaaaajru_s014_t000.edf,aaaaajru,250.0,388250,1553.0,36,True,0.0,125.0
train,abnormal,aaaaajru_s018_t000.edf,aaaaajru,250.0,301000,1204.0,36,True,0.0,125.0
train,abnormal,aaaaajrz_s001_t001.edf,aaaaajrz,250.0,300000,1200.0,36,True,0.0,125.0
train,abnormal,aaaaajsl_s010_t000.edf,aaaaajsl,256.0,338176,1321.0,27,True,0.0,128.0
train,abnormal,aaaaajsu_s001_t001.edf,aaaaajsu,250.0,298750,1195.0,36,True,0.0,125.0
train,abnormal,aaaaajte_s001_t003.edf,aaaaajte,250.0,303750,1215.0,36,True,0.0,125.0
train,abnormal,aaaaajtk_s001_t001.edf,aaaaajtk,250.0,583750,2335.0,36,True,0.0,125.0
train,abnormal,aaaaajtl_s001_t000.edf,aaaaajtl,250.0,302000,1208.0,36,True,0.0,125.0
train,abnormal,aaaaajtl_s002_t000.edf,aaaaajtl,250.0,753750,3015.0,36,True,0.0,125.0
train,abnormal,aaaaajtl_s003_t001.edf,aaaaajtl,250.0,297750,1191.0,36,True,0.0,125.0
train,abnormal,aaaaajtt_s001_t000.edf,aaaaajtt,250.0,330000,1320.0,36,True,0.0,125.0
train,abnormal,aaaaajtx_s001_t001.edf,aaaaajtx,250.0,297000,1188.0,36,True,0.0,125.0
train,abnormal,aaaaajtx_s002_t001.edf,aaaaajtx,250.0,297250,1189.0,36,True,0.0,125.0
train,abnormal,aaaaajtx_s003_t000.edf,aaaaajtx,250.0,300750,1203.0,36,True,0.0,125.0
train,abnormal,aaaaajuc_s001_t001.edf,aaaaajuc,250.0,293000,1172.0,36,True,0.0,125.0
train,abnormal,aaaaajuc_s002_t000.edf,aaaaajuc,250.0,320250,1281.0,36,True,0.0,125.0
train,abnormal,aaaaajud_s001_t000.edf,aaaaajud,250.0,532500,2130.0,36,True,0.0,125.0
train,abnormal,aaaaajud_s005_t000.edf,aaaaajud,250.0,300750,1203.0,36,True,0.0,125.0
train,abnormal,aaaaajuo_s001_t000.edf,aaaaajuo,250.0,301000,1204.0,36,True,0.0,125.0
train,abnormal,aaaaajve_s001_t000.edf,aaaaajve,250.0,344000,1376.0,36,True,0.0,125.0
train,abnormal,aaaaajvs_s001_t000.edf,aaaaajvs,250.0,300750,1203.0,36,True,0.0,125.0
train,abnormal,aaaaajvt_s001_t000.edf,aaaaajvt,250.0,346000,1384.0,36,True,0.0,125.0
train,abnormal,aaaaajvt_s002_t001.edf,aaaaajvt,250.0,297750,1191.0,36,True,0.0,125.0
train,abnormal,aaaaajvt_s003_t000.edf,aaaaajvt,250.0,306500,1226.0,36,True,0.0,125.0
train,abnormal,aaaaajwa_s001_t000.edf,aaaaajwa,250.0,302000,1208.0,36,True,0.0,125.0
train,abnormal,aaaaajwa_s002_t001.edf,aaaaajwa,250.0,299250,1197.0,36,True,0.0,125.0
train,abnormal,aaaaajwp_s001_t000.edf,aaaaajwp,250.0,300500,1202.0,36,True,0.0,125.0
train,abnormal,aaaaajwv_s001_t000.edf,aaaaajwv,250.0,313500,1254.0,36,True,0.0,125.0
train,abnormal,aaaaajwv_s002_t001.edf,aaaaajwv,250.0,297250,1189.0,36,True,0.0,125.0
train,abnormal,aaaaajww_s002_t000.edf,aaaaajww,250.0,300750,1203.0,36,True,0.0,125.0
train,abnormal,aaaaajww_s004_t000.edf,aaaaajww,250.0,300750,1203.0,36,True,0.0,125.0
train,abnormal,aaaaajxf_s001_t000.edf,aaaaajxf,250.0,300750,1203.0,36,True,0.0,125.0
train,abnormal,aaaaajxh_s001_t000.edf,aaaaajxh,250.0,311000,1244.0,36,True,0.0,125.0
train,abnormal,aaaaajxi_s001_t000.edf,aaaaajxi,250.0,351500,1406.0,36,True,0.0,125.0
train,abnormal,aaaaajxi_s002_t000.edf,aaaaajxi,250.0,377000,1508.0,36,True,0.0,125.0
train,abnormal,aaaaajxi_s003_t001.edf,aaaaajxi,250.0,314750,1259.0,36,True,0.0,125.0
train,abnormal,aaaaajxi_s004_t000.edf,aaaaajxi,250.0,341500,1366.0,36,True,0.0,125.0
train,abnormal,aaaaajxm_s001_t001.edf,aaaaajxm,250.0,304750,1219.0,36,True,0.0,125.0
train,abnormal,aaaaajye_s001_t001.edf,aaaaajye,250.0,496000,1984.0,36,True,0.0,125.0
train,abnormal,aaaaajyl_s001_t000.edf,aaaaajyl,250.0,810500,3242.0,36,True,0.0,125.0
train,abnormal,aaaaajyp_s002_t000.edf,aaaaajyp,250.0,303750,1215.0,36,True,0.0,125.0
train,abnormal,aaaaajyp_s006_t000.edf,aaaaajyp,250.0,301500,1206.0,30,True,0.0,125.0
train,abnormal,aaaaajyp_s007_t001.edf,aaaaajyp,250.0,275000,1100.0,30,True,0.0,125.0
train,abnormal,aaaaajzc_s008_t000.edf,aaaaajzc,250.0,328750,1315.0,36,True,0.0,125.0
train,abnormal,aaaaajzc_s009_t000.edf,aaaaajzc,250.0,728000,2912.0,36,True,0.0,125.0
train,abnormal,aaaaajzk_s001_t000.edf,aaaaajzk,250.0,306250,1225.0,36,True,0.0,125.0
train,abnormal,aaaaajzt_s001_t001.edf,aaaaajzt,250.0,295750,1183.0,36,True,0.0,125.0
train,abnormal,aaaaajzt_s003_t000.edf,aaaaajzt,250.0,360500,1442.0,36,True,0.0,125.0
train,abnormal,aaaaajzx_s001_t000.edf,aaaaajzx,250.0,304750,1219.0,36,True,0.0,125.0
train,abnormal,aaaaakac_s001_t000.edf,aaaaakac,250.0,304000,1216.0,36,True,0.0,125.0
train,abnormal,aaaaakad_s001_t001.edf,aaaaakad,250.0,304750,1219.0,36,True,0.0,125.0
train,abnormal,aaaaakan_s004_t000.edf,aaaaakan,250.0,313250,1253.0,36,True,0.0,125.0
train,abnormal,aaaaakan_s007_t000.edf,aaaaakan,250.0,300750,1203.0,30,True,0.0,125.0
train,abnormal,aaaaakan_s009_t000.edf,aaaaakan,250.0,378000,1512.0,30,True,0.0,125.0
train,abnormal,aaaaakao_s002_t000.edf,aaaaakao,250.0,356750,1427.0,30,True,0.0,125.0
train,abnormal,aaaaakaz_s002_t000.edf,aaaaakaz,250.0,321000,1284.0,30,True,0.0,125.0
train,abnormal,aaaaakaz_s003_t001.edf,aaaaakaz,250.0,297250,1189.0,30,True,0.0,125.0
train,abnormal,aaaaakbm_s001_t001.edf,aaaaakbm,250.0,314000,1256.0,36,True,0.0,125.0
train,abnormal,aaaaakbm_s002_t000.edf,aaaaakbm,250.0,303750,1215.0,36,True,0.0,125.0
train,abnormal,aaaaakbr_s001_t000.edf,aaaaakbr,250.0,301750,1207.0,36,True,0.0,125.0
train,abnormal,aaaaakbt_s001_t001.edf,aaaaakbt,250.0,302000,1208.0,36,True,0.0,125.0
train,abnormal,aaaaakbz_s001_t000.edf,aaaaakbz,250.0,360500,1442.0,36,True,0.0,125.0
train,abnormal,aaaaakbz_s002_t000.edf,aaaaakbz,250.0,518500,2074.0,36,True,0.0,125.0
train,abnormal,aaaaakbz_s005_t000.edf,aaaaakbz,250.0,303250,1213.0,36,True,0.0,125.0
train,abnormal,aaaaakbz_s006_t000.edf,aaaaakbz,250.0,301000,1204.0,30,True,0.0,125.0
train,abnormal,aaaaakcc_s001_t000.edf,aaaaakcc,250.0,302500,1210.0,36,True,0.0,125.0
train,abnormal,aaaaakcf_s003_t000.edf,aaaaakcf,250.0,335500,1342.0,36,True,0.0,125.0
train,abnormal,aaaaakcv_s001_t001.edf,aaaaakcv,250.0,292750,1171.0,36,True,0.0,125.0
train,abnormal,aaaaakcv_s002_t000.edf,aaaaakcv,250.0,328250,1313.0,36,True,0.0,125.0
train,abnormal,aaaaakdh_s001_t000.edf,aaaaakdh,250.0,350250,1401.0,36,True,0.0,125.0
train,abnormal,aaaaakdw_s001_t000.edf,aaaaakdw,250.0,300500,1202.0,36,True,0.0,125.0
train,abnormal,aaaaakea_s001_t001.edf,aaaaakea,250.0,295750,1183.0,36,True,0.0,125.0
train,abnormal,aaaaakea_s005_t000.edf,aaaaakea,250.0,304500,1218.0,36,True,0.0,125.0
train,abnormal,aaaaakef_s001_t000.edf,aaaaakef,250.0,302000,1208.0,36,True,0.0,125.0
train,abnormal,aaaaakem_s001_t000.edf,aaaaakem,250.0,305500,1222.0,36,True,0.0,125.0
train,abnormal,aaaaakep_s001_t000.edf,aaaaakep,250.0,300500,1202.0,36,True,0.0,125.0
train,abnormal,aaaaaker_s002_t001.edf,aaaaaker,250.0,330500,1322.0,36,True,0.0,125.0
train,abnormal,aaaaakfc_s001_t001.edf,aaaaakfc,250.0,294250,1177.0,36,True,0.0,125.0
train,abnormal,aaaaakfc_s002_t000.edf,aaaaakfc,250.0,301250,1205.0,36,True,0.0,125.0
train,abnormal,aaaaakfe_s001_t000.edf,aaaaakfe,250.0,304000,1216.0,36,True,0.0,125.0
train,abnormal,aaaaakfe_s003_t000.edf,aaaaakfe,250.0,302000,1208.0,36,True,0.0,125.0
train,abnormal,aaaaakfj_s001_t000.edf,aaaaakfj,250.0,313250,1253.0,36,True,0.0,125.0
train,abnormal,aaaaakfj_s002_t000.edf,aaaaakfj,250.0,311250,1245.0,36,True,0.0,125.0
train,abnormal,aaaaakfk_s001_t001.edf,aaaaakfk,250.0,347000,1388.0,36,True,0.0,125.0
train,abnormal,aaaaakfo_s004_t000.edf,aaaaakfo,256.0,307200,1200.0,27,True,0.0,128.0
train,abnormal,aaaaakfo_s005_t000.edf,aaaaakfo,256.0,307200,1200.0,27,True,0.0,128.0
train,abnormal,aaaaakfo_s009_t002.edf,aaaaakfo,250.0,251250,1005.0,36,True,0.0,125.0
train,abnormal,aaaaakfp_s002_t000.edf,aaaaakfp,250.0,312000,1248.0,36,True,0.0,125.0
train,abnormal,aaaaakgc_s002_t000.edf,aaaaakgc,256.0,372480,1455.0,27,True,0.0,128.0
train,abnormal,aaaaakgj_s001_t003.edf,aaaaakgj,250.0,531000,2124.0,36,True,0.0,125.0
train,abnormal,aaaaakgl_s001_t001.edf,aaaaakgl,250.0,299250,1197.0,36,True,0.0,125.0
train,abnormal,aaaaakgl_s002_t000.edf,aaaaakgl,250.0,346750,1387.0,36,True,0.0,125.0
train,abnormal,aaaaakgn_s001_t001.edf,aaaaakgn,250.0,896750,3587.0,36,True,0.0,125.0
train,abnormal,aaaaakho_s002_t001.edf,aaaaakho,250.0,275250,1101.0,30,True,0.0,125.0
train,abnormal,aaaaakhw_s001_t001.edf,aaaaakhw,250.0,301250,1205.0,36,True,0.0,125.0
train,abnormal,aaaaakic_s001_t000.edf,aaaaakic,250.0,302000,1208.0,36,True,0.0,125.0
train,abnormal,aaaaakie_s001_t001.edf,aaaaakie,250.0,297500,1190.0,36,True,0.0,125.0
train,abnormal,aaaaakis_s001_t001.edf,aaaaakis,250.0,299000,1196.0,36,True,0.0,125.0
train,abnormal,aaaaakiu_s001_t001.edf,aaaaakiu,250.0,295250,1181.0,36,True,0.0,125.0
train,abnormal,aaaaakix_s005_t001.edf,aaaaakix,250.0,360500,1442.0,36,True,0.0,125.0
train,abnormal,aaaaakix_s006_t000.edf,aaaaakix,250.0,304250,1217.0,36,True,0.0,125.0
train,abnormal,aaaaakiy_s001_t000.edf,aaaaakiy,250.0,484000,1936.0,36,True,0.0,125.0
train,abnormal,aaaaakjj_s001_t001.edf,aaaaakjj,250.0,359250,1437.0,36,True,0.0,125.0
train,abnormal,aaaaakjn_s002_t000.edf,aaaaakjn,250.0,304750,1219.0,36,True,0.0,125.0
train,abnormal,aaaaakjo_s001_t000.edf,aaaaakjo,250.0,300500,1202.0,36,True,0.0,125.0
train,abnormal,aaaaakjw_s002_t000.edf,aaaaakjw,250.0,301750,1207.0,36,True,0.0,125.0
train,abnormal,aaaaakjw_s003_t001.edf,aaaaakjw,256.0,315136,1231.0,27,True,0.0,128.0
train,abnormal,aaaaakjw_s004_t000.edf,aaaaakjw,250.0,332750,1331.0,30,True,0.0,125.0
train,abnormal,aaaaakkb_s001_t000.edf,aaaaakkb,250.0,337750,1351.0,36,True,0.0,125.0
train,abnormal,aaaaakkg_s001_t000.edf,aaaaakkg,250.0,305750,1223.0,36,True,0.0,125.0
train,abnormal,aaaaakkg_s002_t001.edf,aaaaakkg,250.0,260500,1042.0,30,True,0.0,125.0
train,abnormal,aaaaakkh_s001_t000.edf,aaaaakkh,250.0,363750,1455.0,36,True,0.0,125.0
train,abnormal,aaaaakkm_s008_t000.edf,aaaaakkm,250.0,612500,2450.0,36,True,0.0,125.0
train,abnormal,aaaaakkm_s009_t000.edf,aaaaakkm,250.0,328250,1313.0,36,True,0.0,125.0
train,abnormal,aaaaakkm_s010_t000.edf,aaaaakkm,250.0,302000,1208.0,36,True,0.0,125.0
train,abnormal,aaaaakks_s001_t000.edf,aaaaakks,250.0,799250,3197.0,36,True,0.0,125.0
train,abnormal,aaaaakks_s002_t001.edf,aaaaakks,250.0,302000,1208.0,36,True,0.0,125.0
train,abnormal,aaaaaklt_s002_t000.edf,aaaaaklt,250.0,322500,1290.0,36,True,0.0,125.0
train,abnormal,aaaaaklt_s003_t000.edf,aaaaaklt,250.0,347500,1390.0,36,True,0.0,125.0
train,abnormal,aaaaaklv_s003_t001.edf,aaaaaklv,250.0,299000,1196.0,36,True,0.0,125.0
train,abnormal,aaaaakme_s002_t000.edf,aaaaakme,250.0,350250,1401.0,36,True,0.0,125.0
train,abnormal,aaaaakml_s001_t000.edf,aaaaakml,250.0,368250,1473.0,36,True,0.0,125.0
train,abnormal,aaaaakmn_s002_t001.edf,aaaaakmn,250.0,301250,1205.0,36,True,0.0,125.0
train,abnormal,aaaaakmp_s001_t001.edf,aaaaakmp,250.0,299750,1199.0,36,True,0.0,125.0
train,abnormal,aaaaakmp_s002_t002.edf,aaaaakmp,250.0,295500,1182.0,36,True,0.0,125.0
train,abnormal,aaaaakms_s003_t001.edf,aaaaakms,250.0,286250,1145.0,36,True,0.0,125.0
train,abnormal,aaaaakms_s006_t000.edf,aaaaakms,250.0,300750,1203.0,36,True,0.0,125.0
train,abnormal,aaaaakmw_s008_t002.edf,aaaaakmw,250.0,286750,1147.0,36,True,0.0,125.0
train,abnormal,aaaaakmw_s009_t001.edf,aaaaakmw,250.0,297500,1190.0,36,True,0.0,125.0
train,abnormal,aaaaaknc_s001_t000.edf,aaaaaknc,250.0,365000,1460.0,36,True,0.0,125.0
train,abnormal,aaaaaknu_s001_t000.edf,aaaaaknu,250.0,345250,1381.0,36,True,0.0,125.0
train,abnormal,aaaaakny_s002_t000.edf,aaaaakny,250.0,339750,1359.0,36,True,0.0,125.0
train,abnormal,aaaaakny_s003_t000.edf,aaaaakny,250.0,358500,1434.0,30,True,0.0,125.0
train,abnormal,aaaaaknz_s001_t000.edf,aaaaaknz,250.0,301250,1205.0,36,True,0.0,125.0
train,abnormal,aaaaakob_s001_t001.edf,aaaaakob,250.0,299000,1196.0,36,True,0.0,125.0
train,abnormal,aaaaakoq_s004_t000.edf,aaaaakoq,250.0,346750,1387.0,36,True,0.0,125.0
train,abnormal,aaaaakoq_s005_t000.edf,aaaaakoq,250.0,393500,1574.0,36,True,0.0,125.0
train,abnormal,aaaaakoq_s007_t005.edf,aaaaakoq,256.0,599808,2343.0,34,True,0.0,128.0
train,abnormal,aaaaakoq_s010_t001.edf,aaaaakoq,250.0,324250,1297.0,36,True,0.0,125.0
train,abnormal,aaaaakoq_s011_t000.edf,aaaaakoq,256.0,308992,1207.0,33,True,0.0,128.0
train,abnormal,aaaaakoy_s001_t000.edf,aaaaakoy,250.0,301500,1206.0,36,True,0.0,125.0
train,abnormal,aaaaakpo_s001_t000.edf,aaaaakpo,250.0,301000,1204.0,36,True,0.0,125.0
train,abnormal,aaaaakpq_s001_t000.edf,aaaaakpq,250.0,306750,1227.0,36,True,0.0,125.0
train,abnormal,aaaaakpu_s001_t000.edf,aaaaakpu,250.0,562250,2249.0,36,True,0.0,125.0
train,abnormal,aaaaakpu_s004_t000.edf,aaaaakpu,250.0,368000,1472.0,30,True,0.0,125.0
train,abnormal,aaaaakpw_s001_t000.edf,aaaaakpw,250.0,300750,1203.0,36,True,0.0,125.0
train,abnormal,aaaaakpy_s001_t000.edf,aaaaakpy,250.0,300500,1202.0,36,True,0.0,125.0
train,abnormal,aaaaakqa_s002_t000.edf,aaaaakqa,250.0,302000,1208.0,36,True,0.0,125.0
train,abnormal,aaaaakqa_s003_t000.edf,aaaaakqa,250.0,350000,1400.0,31,True,0.0,125.0
train,abnormal,aaaaakqm_s002_t000.edf,aaaaakqm,250.0,351500,1406.0,31,True,0.0,125.0
train,abnormal,aaaaakqo_s004_t000.edf,aaaaakqo,256.0,384256,1501.0,28,True,0.0,128.0
train,abnormal,aaaaakqq_s001_t001.edf,aaaaakqq,250.0,364250,1457.0,36,True,0.0,125.0
train,abnormal,aaaaakqq_s002_t000.edf,aaaaakqq,250.0,301000,1204.0,36,True,0.0,125.0
train,abnormal,aaaaakqq_s003_t000.edf,aaaaakqq,250.0,357750,1431.0,36,True,0.0,125.0
train,abnormal,aaaaakqt_s004_t000.edf,aaaaakqt,250.0,300750,1203.0,36,True,0.0,125.0
train,abnormal,aaaaakqu_s003_t000.edf,aaaaakqu,250.0,376500,1506.0,36,True,0.0,125.0
train,abnormal,aaaaakqw_s001_t000.edf,aaaaakqw,250.0,303250,1213.0,36,True,0.0,125.0
train,abnormal,aaaaakqw_s002_t000.edf,aaaaakqw,250.0,336000,1344.0,36,True,0.0,125.0
train,abnormal,aaaaakrm_s003_t001.edf,aaaaakrm,250.0,296500,1186.0,36,True,0.0,125.0
train,abnormal,aaaaakro_s001_t000.edf,aaaaakro,250.0,427250,1709.0,36,True,0.0,125.0
train,abnormal,aaaaakro_s005_t000.edf,aaaaakro,250.0,303750,1215.0,36,True,0.0,125.0
train,abnormal,aaaaakro_s007_t000.edf,aaaaakro,250.0,370750,1483.0,36,True,0.0,125.0
train,abnormal,aaaaakro_s008_t000.edf,aaaaakro,250.0,339250,1357.0,30,True,0.0,125.0
train,abnormal,aaaaakrq_s001_t000.edf,aaaaakrq,250.0,301250,1205.0,36,True,0.0,125.0
train,abnormal,aaaaakru_s003_t001.edf,aaaaakru,250.0,294750,1179.0,36,True,0.0,125.0
train,abnormal,aaaaakrx_s001_t000.edf,aaaaakrx,250.0,352750,1411.0,36,True,0.0,125.0
train,abnormal,aaaaaksa_s001_t001.edf,aaaaaksa,250.0,310500,1242.0,36,True,0.0,125.0
train,abnormal,aaaaaksq_s001_t002.edf,aaaaaksq,250.0,411750,1647.0,36,True,0.0,125.0
train,abnormal,aaaaaksq_s002_t001.edf,aaaaaksq,250.0,325750,1303.0,36,True,0.0,125.0
train,abnormal,aaaaaksw_s002_t000.edf,aaaaaksw,250.0,314500,1258.0,36,True,0.0,125.0
train,abnormal,aaaaaksw_s003_t000.edf,aaaaaksw,250.0,304000,1216.0,36,True,0.0,125.0
train,abnormal,aaaaaksx_s001_t000.edf,aaaaaksx,250.0,306250,1225.0,36,True,0.0,125.0
train,abnormal,aaaaakte_s002_t000.edf,aaaaakte,250.0,307000,1228.0,36,True,0.0,125.0
train,abnormal,aaaaaktk_s006_t000.edf,aaaaaktk,250.0,368500,1474.0,36,True,0.0,125.0
train,abnormal,aaaaaktl_s001_t000.edf,aaaaaktl,250.0,306750,1227.0,36,True,0.0,125.0
train,abnormal,aaaaaktn_s001_t001.edf,aaaaaktn,250.0,313250,1253.0,36,True,0.0,125.0
train,abnormal,aaaaaktn_s002_t000.edf,aaaaaktn,250.0,355750,1423.0,30,True,0.0,125.0
train,abnormal,aaaaakui_s002_t000.edf,aaaaakui,250.0,310500,1242.0,36,True,0.0,125.0
train,abnormal,aaaaakul_s001_t000.edf,aaaaakul,250.0,300500,1202.0,36,True,0.0,125.0
train,abnormal,aaaaakux_s001_t000.edf,aaaaakux,250.0,317750,1271.0,36,True,0.0,125.0
train,abnormal,aaaaakuy_s002_t002.edf,aaaaakuy,250.0,665000,2660.0,36,True,0.0,125.0
train,abnormal,aaaaakvi_s001_t000.edf,aaaaakvi,250.0,320250,1281.0,36,True,0.0,125.0
train,abnormal,aaaaakvp_s001_t001.edf,aaaaakvp,250.0,289750,1159.0,36,True,0.0,125.0
train,abnormal,aaaaakvp_s003_t000.edf,aaaaakvp,250.0,307750,1231.0,36,True,0.0,125.0
train,abnormal,aaaaakvq_s001_t001.edf,aaaaakvq,250.0,295750,1183.0,36,True,0.0,125.0
train,abnormal,aaaaakvy_s002_t000.edf,aaaaakvy,250.0,306000,1224.0,30,True,0.0,125.0
train,abnormal,aaaaakvy_s003_t000.edf,aaaaakvy,250.0,346750,1387.0,30,True,0.0,125.0
train,abnormal,aaaaakxq_s002_t001.edf,aaaaakxq,250.0,295250,1181.0,36,True,0.0,125.0
train,abnormal,aaaaakxq_s003_t000.edf,aaaaakxq,250.0,312500,1250.0,36,True,0.0,125.0
train,abnormal,aaaaakxq_s004_t000.edf,aaaaakxq,256.0,461056,1801.0,34,True,0.0,128.0
train,abnormal,aaaaakxq_s006_t000.edf,aaaaakxq,250.0,313000,1252.0,30,True,0.0,125.0
train,abnormal,aaaaakxw_s001_t001.edf,aaaaakxw,250.0,363000,1452.0,36,True,0.0,125.0
train,abnormal,aaaaakxy_s001_t000.edf,aaaaakxy,250.0,303250,1213.0,36,True,0.0,125.0
train,abnormal,aaaaakyc_s001_t001.edf,aaaaakyc,250.0,323000,1292.0,36,True,0.0,125.0
train,abnormal,aaaaakym_s001_t000.edf,aaaaakym,250.0,307750,1231.0,36,True,0.0,125.0
train,abnormal,aaaaakyz_s001_t001.edf,aaaaakyz,250.0,305000,1220.0,36,True,0.0,125.0
train,abnormal,aaaaakyz_s002_t000.edf,aaaaakyz,250.0,303500,1214.0,30,True,0.0,125.0
train,abnormal,aaaaakza_s001_t001.edf,aaaaakza,250.0,306750,1227.0,36,True,0.0,125.0
train,abnormal,aaaaakza_s002_t001.edf,aaaaakza,250.0,325500,1302.0,36,True,0.0,125.0
train,abnormal,aaaaakzv_s004_t003.edf,aaaaakzv,250.0,380500,1522.0,36,True,0.0,125.0
train,abnormal,aaaaakzv_s005_t001.edf,aaaaakzv,250.0,320500,1282.0,36,True,0.0,125.0
train,abnormal,aaaaakzv_s006_t000.edf,aaaaakzv,250.0,360750,1443.0,30,True,0.0,125.0
train,abnormal,aaaaalal_s001_t000.edf,aaaaalal,250.0,321750,1287.0,36,True,0.0,125.0
train,abnormal,aaaaalao_s001_t000.edf,aaaaalao,250.0,300500,1202.0,36,True,0.0,125.0
train,abnormal,aaaaalat_s001_t000.edf,aaaaalat,250.0,302500,1210.0,36,True,0.0,125.0
train,abnormal,aaaaalax_s001_t000.edf,aaaaalax,250.0,317000,1268.0,36,True,0.0,125.0
train,abnormal,aaaaalax_s003_t001.edf,aaaaalax,250.0,317750,1271.0,36,True,0.0,125.0
train,abnormal,aaaaalbi_s001_t000.edf,aaaaalbi,250.0,302500,1210.0,36,True,0.0,125.0
train,abnormal,aaaaalcc_s001_t001.edf,aaaaalcc,250.0,295000,1180.0,36,True,0.0,125.0
train,abnormal,aaaaalcl_s001_t001.edf,aaaaalcl,250.0,299000,1196.0,36,True,0.0,125.0
train,abnormal,aaaaalcq_s001_t000.edf,aaaaalcq,250.0,361000,1444.0,36,True,0.0,125.0
train,abnormal,aaaaalcu_s001_t000.edf,aaaaalcu,250.0,302750,1211.0,36,True,0.0,125.0
train,abnormal,aaaaalcu_s005_t000.edf,aaaaalcu,250.0,318250,1273.0,36,True,0.0,125.0
train,abnormal,aaaaaldl_s006_t000.edf,aaaaaldl,250.0,306000,1224.0,36,True,0.0,125.0
train,abnormal,aaaaalei_s004_t000.edf,aaaaalei,250.0,302000,1208.0,30,True,0.0,125.0
train,abnormal,aaaaalei_s005_t000.edf,aaaaalei,250.0,395500,1582.0,30,True,0.0,125.0
train,abnormal,aaaaaler_s002_t001.edf,aaaaaler,250.0,318000,1272.0,36,True,0.0,125.0
train,abnormal,aaaaalfg_s007_t000.edf,aaaaalfg,250.0,330750,1323.0,36,True,0.0,125.0
train,abnormal,aaaaalfi_s002_t001.edf,aaaaalfi,250.0,297250,1189.0,36,True,0.0,125.0
train,abnormal,aaaaalfl_s001_t000.edf,aaaaalfl,250.0,301750,1207.0,36,True,0.0,125.0
train,abnormal,aaaaalfm_s001_t000.edf,aaaaalfm,250.0,306000,1224.0,36,True,0.0,125.0
train,abnormal,aaaaalfp_s001_t001.edf,aaaaalfp,250.0,305250,1221.0,36,True,0.0,125.0
train,abnormal,aaaaalfp_s002_t000.edf,aaaaalfp,250.0,316750,1267.0,36,True,0.0,125.0
train,abnormal,aaaaalfp_s003_t000.edf,aaaaalfp,250.0,330500,1322.0,30,True,0.0,125.0
train,abnormal,aaaaalfp_s004_t000.edf,aaaaalfp,250.0,342250,1369.0,30,True,0.0,125.0
train,abnormal,aaaaalfs_s003_t002.edf,aaaaalfs,250.0,264250,1057.0,36,True,0.0,125.0
train,abnormal,aaaaalfs_s004_t000.edf,aaaaalfs,250.0,362000,1448.0,36,True,0.0,125.0
train,abnormal,aaaaalfs_s011_t000.edf,aaaaalfs,250.0,301750,1207.0,36,True,0.0,125.0
train,abnormal,aaaaalfx_s001_t000.edf,aaaaalfx,250.0,326500,1306.0,36,True,0.0,125.0
train,abnormal,aaaaalgi_s001_t001.edf,aaaaalgi,250.0,365750,1463.0,36,True,0.0,125.0
train,abnormal,aaaaalgj_s001_t001.edf,aaaaalgj,250.0,310500,1242.0,36,True,0.0,125.0
train,abnormal,aaaaalgj_s002_t001.edf,aaaaalgj,250.0,297000,1188.0,36,True,0.0,125.0
train,abnormal,aaaaalgr_s001_t000.edf,aaaaalgr,250.0,312000,1248.0,36,True,0.0,125.0
train,abnormal,aaaaalgw_s001_t001.edf,aaaaalgw,250.0,297000,1188.0,36,True,0.0,125.0
train,abnormal,aaaaalgz_s003_t000.edf,aaaaalgz,250.0,300000,1200.0,36,True,0.0,125.0
train,abnormal,aaaaalhh_s001_t000.edf,aaaaalhh,250.0,357250,1429.0,36,True,0.0,125.0
train,abnormal,aaaaalhh_s003_t000.edf,aaaaalhh,250.0,378250,1513.0,30,True,0.0,125.0
train,abnormal,aaaaalhp_s001_t000.edf,aaaaalhp,250.0,313750,1255.0,36,True,0.0,125.0
train,abnormal,aaaaalhp_s002_t001.edf,aaaaalhp,250.0,380000,1520.0,30,True,0.0,125.0
train,abnormal,aaaaalhp_s003_t009.edf,aaaaalhp,256.0,295424,1154.0,33,True,0.0,128.0
train,abnormal,aaaaalhr_s001_t000.edf,aaaaalhr,250.0,319750,1279.0,36,True,0.0,125.0
train,abnormal,aaaaalhy_s001_t001.edf,aaaaalhy,250.0,294000,1176.0,36,True,0.0,125.0
train,abnormal,aaaaalib_s001_t000.edf,aaaaalib,250.0,310250,1241.0,36,True,0.0,125.0
train,abnormal,aaaaalim_s011_t000.edf,aaaaalim,250.0,302250,1209.0,36,True,0.0,125.0
train,abnormal,aaaaaliz_s001_t000.edf,aaaaaliz,250.0,301500,1206.0,36,True,0.0,125.0
train,abnormal,aaaaaliz_s002_t000.edf,aaaaaliz,250.0,322500,1290.0,30,True,0.0,125.0
train,abnormal,aaaaaljb_s001_t000.edf,aaaaaljb,250.0,321750,1287.0,36,True,0.0,125.0
train,abnormal,aaaaaljc_s001_t000.edf,aaaaaljc,250.0,361250,1445.0,36,True,0.0,125.0
train,abnormal,aaaaaljg_s002_t000.edf,aaaaaljg,250.0,362500,1450.0,36,True,0.0,125.0
train,abnormal,aaaaaljo_s002_t001.edf,aaaaaljo,250.0,289500,1158.0,30,True,0.0,125.0
train,abnormal,aaaaalkr_s001_t000.edf,aaaaalkr,250.0,300750,1203.0,36,True,0.0,125.0
train,abnormal,aaaaalkw_s001_t000.edf,aaaaalkw,250.0,349250,1397.0,36,True,0.0,125.0
train,abnormal,aaaaallf_s002_t001.edf,aaaaallf,250.0,303000,1212.0,30,True,0.0,125.0
train,abnormal,aaaaallk_s001_t000.edf,aaaaallk,250.0,319250,1277.0,36,True,0.0,125.0
train,abnormal,aaaaalln_s001_t000.edf,aaaaalln,250.0,318250,1273.0,36,True,0.0,125.0
train,abnormal,aaaaalls_s001_t000.edf,aaaaalls,250.0,301750,1207.0,36,True,0.0,125.0
train,abnormal,aaaaallt_s001_t000.edf,aaaaallt,250.0,336500,1346.0,36,True,0.0,125.0
train,abnormal,aaaaallt_s002_t002.edf,aaaaallt,250.0,264500,1058.0,30,True,0.0,125.0
train,abnormal,aaaaallt_s003_t000.edf,aaaaallt,250.0,375250,1501.0,36,True,0.0,125.0
train,abnormal,aaaaallw_s001_t001.edf,aaaaallw,250.0,369750,1479.0,36,True,0.0,125.0
train,abnormal,aaaaallw_s004_t000.edf,aaaaallw,250.0,300750,1203.0,30,True,0.0,125.0
train,abnormal,aaaaallw_s005_t000.edf,aaaaallw,250.0,301000,1204.0,31,True,0.0,125.0
train,abnormal,aaaaalmh_s001_t000.edf,aaaaalmh,250.0,321000,1284.0,36,True,0.0,125.0
train,abnormal,aaaaalmx_s006_t000.edf,aaaaalmx,250.0,347000,1388.0,30,True,0.0,125.0
train,abnormal,aaaaalmz_s001_t001.edf,aaaaalmz,250.0,297250,1189.0,36,True,0.0,125.0
train,abnormal,aaaaalmz_s002_t000.edf,aaaaalmz,250.0,456250,1825.0,36,True,0.0,125.0
train,abnormal,aaaaalmz_s004_t001.edf,aaaaalmz,250.0,412500,1650.0,36,True,0.0,125.0
train,abnormal,aaaaalmz_s008_t001.edf,aaaaalmz,256.0,278016,1086.0,34,True,0.0,128.0
train,abnormal,aaaaalmz_s012_t000.edf,aaaaalmz,250.0,300750,1203.0,36,True,0.0,125.0
train,abnormal,aaaaalno_s001_t001.edf,aaaaalno,250.0,304000,1216.0,36,True,0.0,125.0
train,abnormal,aaaaalno_s002_t000.edf,aaaaalno,250.0,418250,1673.0,30,True,0.0,125.0
train,abnormal,aaaaalns_s001_t001.edf,aaaaalns,250.0,255000,1020.0,36,True,0.0,125.0
train,abnormal,aaaaalnt_s001_t001.edf,aaaaalnt,250.0,342750,1371.0,36,True,0.0,125.0
train,abnormal,aaaaalny_s002_t000.edf,aaaaalny,250.0,301250,1205.0,36,True,0.0,125.0
train,abnormal,aaaaalof_s001_t000.edf,aaaaalof,250.0,301500,1206.0,36,True,0.0,125.0
train,abnormal,aaaaalog_s001_t000.edf,aaaaalog,250.0,330750,1323.0,36,True,0.0,125.0
train,abnormal,aaaaalop_s001_t001.edf,aaaaalop,250.0,300500,1202.0,36,True,0.0,125.0
train,abnormal,aaaaaloy_s001_t001.edf,aaaaaloy,250.0,295500,1182.0,36,True,0.0,125.0
train,abnormal,aaaaaloy_s002_t000.edf,aaaaaloy,250.0,301750,1207.0,36,True,0.0,125.0
train,abnormal,aaaaalpr_s001_t001.edf,aaaaalpr,250.0,306250,1225.0,36,True,0.0,125.0
train,abnormal,aaaaalpt_s002_t000.edf,aaaaalpt,250.0,332250,1329.0,36,True,0.0,125.0
train,abnormal,aaaaalqe_s001_t000.edf,aaaaalqe,250.0,353500,1414.0,36,True,0.0,125.0
train,abnormal,aaaaalqe_s004_t000.edf,aaaaalqe,250.0,307000,1228.0,36,True,0.0,125.0
train,abnormal,aaaaalqf_s001_t000.edf,aaaaalqf,250.0,305500,1222.0,36,True,0.0,125.0
train,abnormal,aaaaalqf_s002_t001.edf,aaaaalqf,250.0,308750,1235.0,36,True,0.0,125.0
train,abnormal,aaaaalqm_s001_t000.edf,aaaaalqm,250.0,361250,1445.0,36,True,0.0,125.0
train,abnormal,aaaaalqq_s001_t002.edf,aaaaalqq,250.0,331250,1325.0,36,True,0.0,125.0
train,abnormal,aaaaalqq_s003_t000.edf,aaaaalqq,256.0,271872,1062.0,34,True,0.0,128.0
train,abnormal,aaaaalqq_s004_t000.edf,aaaaalqq,250.0,454750,1819.0,36,True,0.0,125.0
train,abnormal,aaaaalsp_s001_t001.edf,aaaaalsp,250.0,299500,1198.0,36,True,0.0,125.0
train,abnormal,aaaaalsr_s001_t000.edf,aaaaalsr,250.0,300750,1203.0,36,True,0.0,125.0
train,abnormal,aaaaalto_s001_t001.edf,aaaaalto,250.0,296000,1184.0,36,True,0.0,125.0
train,abnormal,aaaaalto_s002_t000.edf,aaaaalto,256.0,307712,1202.0,35,True,0.0,128.0
train,abnormal,aaaaalto_s004_t000.edf,aaaaalto,256.0,307968,1203.0,27,True,0.0,128.0
train,abnormal,aaaaaltq_s003_t000.edf,aaaaaltq,250.0,382000,1528.0,36,True,0.0,125.0
train,abnormal,aaaaalug_s002_t001.edf,aaaaalug,250.0,345250,1381.0,30,True,0.0,125.0
train,abnormal,aaaaaluq_s002_t000.edf,aaaaaluq,250.0,304000,1216.0,31,True,0.0,125.0
train,abnormal,aaaaaluy_s001_t001.edf,aaaaaluy,250.0,295250,1181.0,36,True,0.0,125.0
train,abnormal,aaaaalve_s001_t000.edf,aaaaalve,250.0,304250,1217.0,36,True,0.0,125.0
train,abnormal,aaaaalvf_s001_t001.edf,aaaaalvf,250.0,297250,1189.0,36,True,0.0,125.0
train,abnormal,aaaaalvi_s001_t000.edf,aaaaalvi,250.0,364250,1457.0,36,True,0.0,125.0
train,abnormal,aaaaalvm_s001_t000.edf,aaaaalvm,250.0,301750,1207.0,36,True,0.0,125.0
train,abnormal,aaaaalvm_s002_t001.edf,aaaaalvm,250.0,328750,1315.0,36,True,0.0,125.0
train,abnormal,aaaaalvp_s001_t001.edf,aaaaalvp,250.0,298750,1195.0,36,True,0.0,125.0
train,abnormal,aaaaalvr_s002_t001.edf,aaaaalvr,250.0,398500,1594.0,36,True,0.0,125.0
train,abnormal,aaaaalwg_s001_t001.edf,aaaaalwg,250.0,292250,1169.0,36,True,0.0,125.0
train,abnormal,aaaaalwk_s001_t001.edf,aaaaalwk,250.0,299000,1196.0,36,True,0.0,125.0
train,abnormal,aaaaalwk_s002_t000.edf,aaaaalwk,250.0,353500,1414.0,36,True,0.0,125.0
train,abnormal,aaaaalwk_s005_t001.edf,aaaaalwk,250.0,319500,1278.0,36,True,0.0,125.0
train,abnormal,aaaaalxb_s001_t000.edf,aaaaalxb,250.0,309500,1238.0,36,True,0.0,125.0
train,abnormal,aaaaalxb_s002_t000.edf,aaaaalxb,250.0,303000,1212.0,36,True,0.0,125.0
train,abnormal,aaaaalxb_s003_t000.edf,aaaaalxb,250.0,300500,1202.0,36,True,0.0,125.0
train,abnormal,aaaaalxi_s001_t000.edf,aaaaalxi,250.0,303500,1214.0,36,True,0.0,125.0
train,abnormal,aaaaalxi_s003_t000.edf,aaaaalxi,250.0,300750,1203.0,36,True,0.0,125.0
train,abnormal,aaaaalxp_s001_t001.edf,aaaaalxp,250.0,308000,1232.0,36,True,0.0,125.0
train,abnormal,aaaaalxt_s004_t000.edf,aaaaalxt,250.0,303500,1214.0,36,True,0.0,125.0
train,abnormal,aaaaalye_s001_t000.edf,aaaaalye,250.0,307500,1230.0,36,True,0.0,125.0
train,abnormal,aaaaalym_s001_t001.edf,aaaaalym,250.0,299000,1196.0,36,True,0.0,125.0
train,abnormal,aaaaalym_s002_t000.edf,aaaaalym,250.0,376000,1504.0,36,True,0.0,125.0
train,abnormal,aaaaalzd_s001_t000.edf,aaaaalzd,250.0,306000,1224.0,36,True,0.0,125.0
train,abnormal,aaaaalzg_s005_t000.edf,aaaaalzg,250.0,310250,1241.0,36,True,0.0,125.0
train,abnormal,aaaaalzg_s008_t000.edf,aaaaalzg,256.0,315904,1234.0,28,True,0.0,128.0
train,abnormal,aaaaalzi_s001_t000.edf,aaaaalzi,250.0,348000,1392.0,36,True,0.0,125.0
train,abnormal,aaaaalzq_s002_t000.edf,aaaaalzq,250.0,303000,1212.0,36,True,0.0,125.0
train,abnormal,aaaaalzw_s002_t000.edf,aaaaalzw,250.0,304000,1216.0,30,True,0.0,125.0
train,abnormal,aaaaalzw_s003_t000.edf,aaaaalzw,250.0,300750,1203.0,30,True,0.0,125.0
train,abnormal,aaaaamad_s002_t000.edf,aaaaamad,250.0,315250,1261.0,36,True,0.0,125.0
train,abnormal,aaaaamad_s005_t003.edf,aaaaamad,250.0,358000,1432.0,31,True,0.0,125.0
train,abnormal,aaaaamad_s008_t000.edf,aaaaamad,250.0,336500,1346.0,36,True,0.0,125.0
train,abnormal,aaaaambf_s003_t001.edf,aaaaambf,256.0,267008,1043.0,34,True,0.0,128.0
train,abnormal,aaaaambf_s005_t000.edf,aaaaambf,250.0,300750,1203.0,36,True,0.0,125.0
train,abnormal,aaaaambf_s006_t000.edf,aaaaambf,250.0,550750,2203.0,36,True,0.0,125.0
train,abnormal,aaaaambn_s002_t000.edf,aaaaambn,250.0,308500,1234.0,30,True,0.0,125.0
train,abnormal,aaaaambr_s003_t005.edf,aaaaambr,256.0,326400,1275.0,34,True,0.0,128.0
train,abnormal,aaaaambs_s002_t000.edf,aaaaambs,250.0,327750,1311.0,36,True,0.0,125.0
train,abnormal,aaaaamca_s001_t000.edf,aaaaamca,250.0,306250,1225.0,36,True,0.0,125.0
train,abnormal,aaaaamca_s003_t000.edf,aaaaamca,256.0,340992,1332.0,28,True,0.0,128.0
train,abnormal,aaaaamca_s004_t003.edf,aaaaamca,256.0,575488,2248.0,34,True,0.0,128.0
train,abnormal,aaaaamcc_s001_t000.edf,aaaaamcc,250.0,308250,1233.0,36,True,0.0,125.0
train,abnormal,aaaaamcn_s001_t000.edf,aaaaamcn,250.0,302000,1208.0,36,True,0.0,125.0
train,abnormal,aaaaamcn_s002_t007.edf,aaaaamcn,256.0,325888,1273.0,34,True,0.0,128.0
train,abnormal,aaaaamcn_s003_t001.edf,aaaaamcn,250.0,298250,1193.0,36,True,0.0,125.0
train,abnormal,aaaaamcp_s001_t001.edf,aaaaamcp,250.0,685250,2741.0,36,True,0.0,125.0
train,abnormal,aaaaamcp_s002_t001.edf,aaaaamcp,250.0,305750,1223.0,36,True,0.0,125.0
train,abnormal,aaaaamcp_s003_t001.edf,aaaaamcp,250.0,304000,1216.0,36,True,0.0,125.0
train,abnormal,aaaaamcp_s004_t000.edf,aaaaamcp,250.0,315000,1260.0,36,True,0.0,125.0
train,abnormal,aaaaamcr_s001_t000.edf,aaaaamcr,256.0,423168,1653.0,34,True,0.0,128.0
train,abnormal,aaaaamcs_s001_t000.edf,aaaaamcs,250.0,303250,1213.0,36,True,0.0,125.0
train,abnormal,aaaaamct_s003_t000.edf,aaaaamct,250.0,338500,1354.0,36,True,0.0,125.0
train,abnormal,aaaaamcu_s001_t001.edf,aaaaamcu,256.0,329216,1286.0,34,True,0.0,128.0
train,abnormal,aaaaamcu_s002_t001.edf,aaaaamcu,250.0,298500,1194.0,36,True,0.0,125.0
train,abnormal,aaaaamcw_s001_t000.edf,aaaaamcw,250.0,305750,1223.0,36,True,0.0,125.0
train,abnormal,aaaaamcy_s001_t000.edf,aaaaamcy,250.0,366000,1464.0,36,True,0.0,125.0
train,abnormal,aaaaamcy_s002_t000.edf,aaaaamcy,250.0,420750,1683.0,30,True,0.0,125.0
train,abnormal,aaaaamdc_s001_t000.edf,aaaaamdc,250.0,250500,1002.0,36,True,0.0,125.0
train,abnormal,aaaaamdc_s002_t000.edf,aaaaamdc,250.0,377250,1509.0,36,True,0.0,125.0
train,abnormal,aaaaamde_s001_t001.edf,aaaaamde,250.0,317500,1270.0,36,True,0.0,125.0
train,abnormal,aaaaamde_s002_t001.edf,aaaaamde,250.0,344250,1377.0,36,True,0.0,125.0
train,abnormal,aaaaamde_s003_t000.edf,aaaaamde,250.0,363750,1455.0,36,True,0.0,125.0
train,abnormal,aaaaamde_s004_t000.edf,aaaaamde,250.0,377000,1508.0,36,True,0.0,125.0
train,abnormal,aaaaamde_s005_t001.edf,aaaaamde,250.0,406500,1626.0,30,True,0.0,125.0
train,abnormal,aaaaamdj_s002_t000.edf,aaaaamdj,250.0,324750,1299.0,30,True,0.0,125.0
train,abnormal,aaaaamdu_s002_t001.edf,aaaaamdu,250.0,283750,1135.0,30,True,0.0,125.0
train,abnormal,aaaaamdu_s003_t000.edf,aaaaamdu,250.0,367750,1471.0,30,True,0.0,125.0
train,abnormal,aaaaamej_s001_t000.edf,aaaaamej,250.0,303000,1212.0,36,True,0.0,125.0
train,abnormal,aaaaameu_s001_t001.edf,aaaaameu,250.0,242750,971.0,36,True,0.0,125.0
train,abnormal,aaaaamfd_s001_t001.edf,aaaaamfd,250.0,297250,1189.0,36,True,0.0,125.0
train,abnormal,aaaaamff_s001_t001.edf,aaaaamff,250.0,287000,1148.0,36,True,0.0,125.0
train,abnormal,aaaaamff_s002_t001.edf,aaaaamff,250.0,300250,1201.0,36,True,0.0,125.0
train,abnormal,aaaaamfg_s002_t000.edf,aaaaamfg,250.0,332750,1331.0,36,True,0.0,125.0
train,abnormal,aaaaamfj_s001_t000.edf,aaaaamfj,250.0,300750,1203.0,36,True,0.0,125.0
train,abnormal,aaaaamfx_s001_t000.edf,aaaaamfx,250.0,271000,1084.0,36,True,0.0,125.0
train,abnormal,aaaaamfx_s003_t000.edf,aaaaamfx,250.0,320000,1280.0,36,True,0.0,125.0
train,abnormal,aaaaamfx_s005_t000.edf,aaaaamfx,250.0,301000,1204.0,36,True,0.0,125.0
train,abnormal,aaaaamga_s001_t000.edf,aaaaamga,250.0,288000,1152.0,36,True,0.0,125.0
train,abnormal,aaaaamgc_s001_t001.edf,aaaaamgc,250.0,300250,1201.0,36,True,0.0,125.0
train,abnormal,aaaaamgc_s002_t000.edf,aaaaamgc,250.0,364000,1456.0,30,True,0.0,125.0
train,abnormal,aaaaamge_s001_t001.edf,aaaaamge,250.0,291750,1167.0,36,True,0.0,125.0
train,abnormal,aaaaamgf_s001_t000.edf,aaaaamgf,250.0,301000,1204.0,36,True,0.0,125.0
train,abnormal,aaaaamgi_s001_t000.edf,aaaaamgi,250.0,646750,2587.0,36,True,0.0,125.0
train,abnormal,aaaaamgt_s001_t001.edf,aaaaamgt,250.0,352000,1408.0,36,True,0.0,125.0
train,abnormal,aaaaamgt_s002_t001.edf,aaaaamgt,250.0,296750,1187.0,36,True,0.0,125.0
train,abnormal,aaaaamhb_s001_t000.edf,aaaaamhb,250.0,476500,1906.0,36,True,0.0,125.0
train,abnormal,aaaaamhb_s003_t000.edf,aaaaamhb,250.0,320250,1281.0,36,True,0.0,125.0
train,abnormal,aaaaamhb_s005_t000.edf,aaaaamhb,250.0,300750,1203.0,30,True,0.0,125.0
train,abnormal,aaaaamhb_s006_t001.edf,aaaaamhb,512.0,573952,1121.0,34,True,0.0,256.0
train,abnormal,aaaaamhd_s001_t000.edf,aaaaamhd,250.0,321250,1285.0,36,True,0.0,125.0
train,abnormal,aaaaamhd_s002_t000.edf,aaaaamhd,250.0,339000,1356.0,36,True,0.0,125.0
train,abnormal,aaaaamhj_s001_t000.edf,aaaaamhj,256.0,415232,1622.0,34,True,0.0,128.0
train,abnormal,aaaaamhm_s001_t000.edf,aaaaamhm,250.0,325000,1300.0,36,True,0.0,125.0
train,abnormal,aaaaamhz_s001_t000.edf,aaaaamhz,250.0,300750,1203.0,36,True,0.0,125.0
train,abnormal,aaaaamic_s001_t001.edf,aaaaamic,250.0,240500,962.0,36,True,0.0,125.0
train,abnormal,aaaaamic_s002_t000.edf,aaaaamic,250.0,302000,1208.0,36,True,0.0,125.0
train,abnormal,aaaaamiv_s001_t000.edf,aaaaamiv,250.0,310500,1242.0,36,True,0.0,125.0
train,abnormal,aaaaamjh_s001_t000.edf,aaaaamjh,250.0,312750,1251.0,36,True,0.0,125.0
train,abnormal,aaaaamjh_s002_t000.edf,aaaaamjh,250.0,307250,1229.0,30,True,0.0,125.0
train,abnormal,aaaaamjn_s001_t000.edf,aaaaamjn,250.0,329750,1319.0,36,True,0.0,125.0
train,abnormal,aaaaamjo_s001_t000.edf,aaaaamjo,250.0,316000,1264.0,36,True,0.0,125.0
train,abnormal,aaaaamjx_s001_t000.edf,aaaaamjx,250.0,301500,1206.0,36,True,0.0,125.0
train,abnormal,aaaaamjx_s002_t001.edf,aaaaamjx,250.0,273750,1095.0,30,True,0.0,125.0
train,abnormal,aaaaamjx_s003_t001.edf,aaaaamjx,250.0,289750,1159.0,30,True,0.0,125.0
train,abnormal,aaaaamka_s001_t000.edf,aaaaamka,250.0,301000,1204.0,36,True,0.0,125.0
train,abnormal,aaaaamke_s001_t000.edf,aaaaamke,256.0,308480,1205.0,34,True,0.0,128.0
train,abnormal,aaaaamki_s001_t001.edf,aaaaamki,250.0,303500,1214.0,36,True,0.0,125.0
train,abnormal,aaaaamki_s002_t000.edf,aaaaamki,250.0,315750,1263.0,36,True,0.0,125.0
train,abnormal,aaaaamki_s003_t000.edf,aaaaamki,250.0,301500,1206.0,30,True,0.0,125.0
train,abnormal,aaaaamkt_s001_t000.edf,aaaaamkt,250.0,366500,1466.0,36,True,0.0,125.0
train,abnormal,aaaaamkv_s001_t000.edf,aaaaamkv,250.0,354000,1416.0,36,True,0.0,125.0
train,abnormal,aaaaamkv_s002_t000.edf,aaaaamkv,250.0,360250,1441.0,30,True,0.0,125.0
train,abnormal,aaaaamlc_s001_t000.edf,aaaaamlc,256.0,315904,1234.0,34,True,0.0,128.0
train,abnormal,aaaaamlc_s002_t000.edf,aaaaamlc,250.0,311250,1245.0,30,True,0.0,125.0
train,abnormal,aaaaamlk_s001_t001.edf,aaaaamlk,250.0,299000,1196.0,36,True,0.0,125.0
train,abnormal,aaaaamlt_s001_t001.edf,aaaaamlt,250.0,311000,1244.0,36,True,0.0,125.0
train,abnormal,aaaaamlt_s003_t001.edf,aaaaamlt,250.0,307000,1228.0,36,True,0.0,125.0
train,abnormal,aaaaamlu_s001_t002.edf,aaaaamlu,250.0,296750,1187.0,36,True,0.0,125.0
train,abnormal,aaaaammb_s002_t000.edf,aaaaammb,250.0,304500,1218.0,30,True,0.0,125.0
train,abnormal,aaaaammf_s001_t000.edf,aaaaammf,250.0,309250,1237.0,36,True,0.0,125.0
train,abnormal,aaaaammr_s001_t000.edf,aaaaammr,250.0,301000,1204.0,36,True,0.0,125.0
train,abnormal,aaaaammr_s002_t000.edf,aaaaammr,250.0,301750,1207.0,36,True,0.0,125.0
train,abnormal,aaaaammt_s001_t001.edf,aaaaammt,250.0,292500,1170.0,36,True,0.0,125.0
train,abnormal,aaaaammv_s001_t001.edf,aaaaammv,250.0,255250,1021.0,36,True,0.0,125.0
train,abnormal,aaaaammw_s001_t000.edf,aaaaammw,250.0,306750,1227.0,36,True,0.0,125.0
train,abnormal,aaaaamnd_s001_t000.edf,aaaaamnd,250.0,306000,1224.0,36,True,0.0,125.0
train,abnormal,aaaaamnd_s002_t000.edf,aaaaamnd,250.0,300750,1203.0,36,True,0.0,125.0
train,abnormal,aaaaamnd_s003_t000.edf,aaaaamnd,250.0,304500,1218.0,36,True,0.0,125.0
train,abnormal,aaaaamni_s002_t000.edf,aaaaamni,250.0,303750,1215.0,30,True,0.0,125.0
train,abnormal,aaaaamnk_s001_t000.edf,aaaaamnk,250.0,401750,1607.0,31,True,0.0,125.0
train,abnormal,aaaaamnm_s001_t001.edf,aaaaamnm,250.0,271250,1085.0,36,True,0.0,125.0
train,abnormal,aaaaamnr_s001_t000.edf,aaaaamnr,250.0,375000,1500.0,36,True,0.0,125.0
train,abnormal,aaaaamnr_s002_t001.edf,aaaaamnr,256.0,281856,1101.0,35,True,0.0,128.0
train,abnormal,aaaaamns_s001_t000.edf,aaaaamns,250.0,311750,1247.0,30,True,0.0,125.0
train,abnormal,aaaaamnt_s001_t000.edf,aaaaamnt,250.0,301500,1206.0,30,True,0.0,125.0
train,abnormal,aaaaamnv_s001_t000.edf,aaaaamnv,256.0,314368,1228.0,34,True,0.0,128.0
train,abnormal,aaaaamoa_s001_t000.edf,aaaaamoa,250.0,315500,1262.0,30,True,0.0,125.0
train,abnormal,aaaaamoa_s002_t000.edf,aaaaamoa,256.0,269824,1054.0,27,True,0.0,128.0
train,abnormal,aaaaamoa_s008_t000.edf,aaaaamoa,250.0,360750,1443.0,30,True,0.0,125.0
train,abnormal,aaaaamof_s004_t000.edf,aaaaamof,250.0,318250,1273.0,30,True,0.0,125.0
train,abnormal,aaaaamos_s001_t000.edf,aaaaamos,250.0,301250,1205.0,36,True,0.0,125.0
train,abnormal,aaaaamow_s001_t000.edf,aaaaamow,250.0,305500,1222.0,31,True,0.0,125.0
train,abnormal,aaaaampf_s001_t000.edf,aaaaampf,250.0,300750,1203.0,30,True,0.0,125.0
train,abnormal,aaaaampk_s001_t000.edf,aaaaampk,256.0,701952,2742.0,34,True,0.0,128.0
train,abnormal,aaaaampk_s005_t000.edf,aaaaampk,250.0,312750,1251.0,30,True,0.0,125.0
train,abnormal,aaaaampk_s006_t001.edf,aaaaampk,250.0,314500,1258.0,30,True,0.0,125.0
train,abnormal,aaaaampk_s007_t001.edf,aaaaampk,256.0,302080,1180.0,34,True,0.0,128.0
train,abnormal,aaaaampk_s008_t000.edf,aaaaampk,250.0,358750,1435.0,31,True,0.0,125.0
train,abnormal,aaaaampo_s001_t000.edf,aaaaampo,250.0,366750,1467.0,36,True,0.0,125.0
train,abnormal,aaaaampq_s002_t000.edf,aaaaampq,250.0,304750,1219.0,30,True,0.0,125.0
train,abnormal,aaaaampq_s003_t001.edf,aaaaampq,250.0,270000,1080.0,30,True,0.0,125.0
train,abnormal,aaaaamps_s001_t000.edf,aaaaamps,250.0,516500,2066.0,36,True,0.0,125.0
train,abnormal,aaaaamqi_s001_t000.edf,aaaaamqi,250.0,300750,1203.0,36,True,0.0,125.0
train,abnormal,aaaaamqi_s002_t000.edf,aaaaamqi,250.0,356750,1427.0,30,True,0.0,125.0
train,abnormal,aaaaamqn_s001_t000.edf,aaaaamqn,250.0,375500,1502.0,36,True,0.0,125.0
train,abnormal,aaaaamqo_s001_t000.edf,aaaaamqo,250.0,362500,1450.0,36,True,0.0,125.0
train,abnormal,aaaaamqq_s002_t005.edf,aaaaamqq,256.0,798720,3120.0,34,True,0.0,128.0
train,abnormal,aaaaamqq_s007_t000.edf,aaaaamqq,256.0,289536,1131.0,34,True,0.0,128.0
train,abnormal,aaaaamqy_s001_t000.edf,aaaaamqy,250.0,309250,1237.0,36,True,0.0,125.0
train,abnormal,aaaaamqy_s002_t000.edf,aaaaamqy,250.0,346500,1386.0,30,True,0.0,125.0
train,abnormal,aaaaamqy_s003_t001.edf,aaaaamqy,250.0,319750,1279.0,30,True,0.0,125.0
train,abnormal,aaaaamqy_s005_t001.edf,aaaaamqy,256.0,2140928,8363.0,27,True,0.0,128.0
train,abnormal,aaaaamrb_s001_t000.edf,aaaaamrb,250.0,471250,1885.0,30,True,0.0,125.0
train,abnormal,aaaaamrd_s001_t000.edf,aaaaamrd,250.0,300750,1203.0,36,True,0.0,125.0
train,abnormal,aaaaamrd_s003_t001.edf,aaaaamrd,256.0,248576,971.0,27,True,0.0,128.0
train,abnormal,aaaaamrd_s004_t000.edf,aaaaamrd,250.0,393250,1573.0,30,True,0.0,125.0
train,abnormal,aaaaamri_s001_t000.edf,aaaaamri,250.0,319500,1278.0,36,True,0.0,125.0
train,abnormal,aaaaamrl_s002_t000.edf,aaaaamrl,250.0,364000,1456.0,30,True,0.0,125.0
train,abnormal,aaaaamrp_s002_t000.edf,aaaaamrp,250.0,300750,1203.0,31,True,0.0,125.0
train,abnormal,aaaaamrq_s001_t000.edf,aaaaamrq,250.0,303750,1215.0,36,True,0.0,125.0
train,abnormal,aaaaamrr_s001_t000.edf,aaaaamrr,250.0,303000,1212.0,36,True,0.0,125.0
train,abnormal,aaaaamrs_s001_t000.edf,aaaaamrs,250.0,300750,1203.0,30,True,0.0,125.0
train,abnormal,aaaaamrw_s001_t000.edf,aaaaamrw,250.0,304250,1217.0,36,True,0.0,125.0
train,abnormal,aaaaamrz_s001_t000.edf,aaaaamrz,250.0,300750,1203.0,36,True,0.0,125.0
train,abnormal,aaaaamrz_s002_t000.edf,aaaaamrz,250.0,304250,1217.0,36,True,0.0,125.0
train,abnormal,aaaaamsh_s002_t015.edf,aaaaamsh,250.0,498500,1994.0,30,True,0.0,125.0
train,abnormal,aaaaamsh_s003_t000.edf,aaaaamsh,250.0,302000,1208.0,30,True,0.0,125.0
train,abnormal,aaaaamsh_s004_t000.edf,aaaaamsh,256.0,315648,1233.0,35,True,0.0,128.0
train,abnormal,aaaaamsh_s006_t000.edf,aaaaamsh,250.0,316000,1264.0,30,True,0.0,125.0
train,abnormal,aaaaamso_s001_t000.edf,aaaaamso,250.0,301000,1204.0,30,True,0.0,125.0
train,abnormal,aaaaamsw_s001_t001.edf,aaaaamsw,250.0,298250,1193.0,36,True,0.0,125.0
train,abnormal,aaaaamsz_s001_t001.edf,aaaaamsz,250.0,299500,1198.0,36,True,0.0,125.0
train,abnormal,aaaaamtc_s001_t000.edf,aaaaamtc,250.0,382750,1531.0,36,True,0.0,125.0
train,abnormal,aaaaamtk_s001_t000.edf,aaaaamtk,250.0,834250,3337.0,30,True,0.0,125.0
train,abnormal,aaaaamtl_s001_t000.edf,aaaaamtl,250.0,304250,1217.0,30,True,0.0,125.0
train,abnormal,aaaaamto_s009_t000.edf,aaaaamto,250.0,317750,1271.0,30,True,0.0,125.0
train,abnormal,aaaaamto_s010_t000.edf,aaaaamto,250.0,314250,1257.0,31,True,0.0,125.0
train,abnormal,aaaaamto_s011_t000.edf,aaaaamto,250.0,301250,1205.0,30,True,0.0,125.0
train,abnormal,aaaaamto_s013_t000.edf,aaaaamto,250.0,332000,1328.0,36,True,0.0,125.0
train,abnormal,aaaaamto_s014_t002.edf,aaaaamto,250.0,341750,1367.0,36,True,0.0,125.0
train,abnormal,aaaaamtt_s001_t000.edf,aaaaamtt,250.0,313750,1255.0,30,True,0.0,125.0
train,abnormal,aaaaamtw_s001_t000.edf,aaaaamtw,250.0,352500,1410.0,36,True,0.0,125.0
train,abnormal,aaaaamtz_s001_t000.edf,aaaaamtz,250.0,301250,1205.0,36,True,0.0,125.0
train,abnormal,aaaaamug_s001_t000.edf,aaaaamug,250.0,323000,1292.0,36,True,0.0,125.0
train,abnormal,aaaaamug_s002_t000.edf,aaaaamug,250.0,479000,1916.0,36,True,0.0,125.0
train,abnormal,aaaaamug_s003_t000.edf,aaaaamug,250.0,309250,1237.0,36,True,0.0,125.0
train,abnormal,aaaaamuh_s001_t000.edf,aaaaamuh,250.0,301750,1207.0,36,True,0.0,125.0
train,abnormal,aaaaamuh_s002_t000.edf,aaaaamuh,250.0,346500,1386.0,36,True,0.0,125.0
train,abnormal,aaaaamul_s001_t000.edf,aaaaamul,256.0,340224,1329.0,34,True,0.0,128.0
train,abnormal,aaaaamuq_s002_t000.edf,aaaaamuq,250.0,348250,1393.0,31,True,0.0,125.0
train,abnormal,aaaaamur_s001_t000.edf,aaaaamur,250.0,300750,1203.0,30,True,0.0,125.0
train,abnormal,aaaaamur_s002_t001.edf,aaaaamur,250.0,306250,1225.0,30,True,0.0,125.0
train,abnormal,aaaaamuu_s001_t000.edf,aaaaamuu,250.0,301000,1204.0,36,True,0.0,125.0
train,abnormal,aaaaamuu_s002_t000.edf,aaaaamuu,250.0,304500,1218.0,36,True,0.0,125.0
train,abnormal,aaaaamuw_s001_t000.edf,aaaaamuw,250.0,308250,1233.0,36,True,0.0,125.0
train,abnormal,aaaaamuw_s003_t000.edf,aaaaamuw,256.0,323072,1262.0,27,True,0.0,128.0
train,abnormal,aaaaamuw_s004_t000.edf,aaaaamuw,256.0,315648,1233.0,28,True,0.0,128.0
train,abnormal,aaaaamuw_s005_t006.edf,aaaaamuw,256.0,305664,1194.0,28,True,0.0,128.0
train,abnormal,aaaaamuw_s007_t002.edf,aaaaamuw,250.0,243500,974.0,30,True,0.0,125.0
train,abnormal,aaaaamuy_s001_t000.edf,aaaaamuy,250.0,314750,1259.0,36,True,0.0,125.0
train,abnormal,aaaaamuy_s002_t000.edf,aaaaamuy,250.0,303000,1212.0,36,True,0.0,125.0
train,abnormal,aaaaamuy_s003_t000.edf,aaaaamuy,250.0,302000,1208.0,30,True,0.0,125.0
train,abnormal,aaaaamuy_s006_t010.edf,aaaaamuy,256.0,500480,1955.0,30,True,0.0,128.0
train,abnormal,aaaaamuy_s008_t000.edf,aaaaamuy,250.0,306000,1224.0,30,True,0.0,125.0
train,abnormal,aaaaamuy_s011_t000.edf,aaaaamuy,250.0,304750,1219.0,30,True,0.0,125.0
train,abnormal,aaaaamwa_s002_t000.edf,aaaaamwa,250.0,302000,1208.0,36,True,0.0,125.0
train,abnormal,aaaaamwl_s001_t000.edf,aaaaamwl,250.0,300500,1202.0,36,True,0.0,125.0
train,abnormal,aaaaamwm_s001_t000.edf,aaaaamwm,250.0,300750,1203.0,36,True,0.0,125.0
train,abnormal,aaaaamwp_s001_t000.edf,aaaaamwp,250.0,301500,1206.0,36,True,0.0,125.0
train,abnormal,aaaaamwu_s001_t000.edf,aaaaamwu,256.0,346624,1354.0,34,True,0.0,128.0
train,abnormal,aaaaamxe_s001_t000.edf,aaaaamxe,250.0,310500,1242.0,36,True,0.0,125.0
train,abnormal,aaaaamxj_s001_t000.edf,aaaaamxj,250.0,302500,1210.0,36,True,0.0,125.0
train,abnormal,aaaaamxj_s002_t000.edf,aaaaamxj,250.0,300250,1201.0,30,True,0.0,125.0
train,abnormal,aaaaamxj_s003_t000.edf,aaaaamxj,250.0,345250,1381.0,31,True,0.0,125.0
train,abnormal,aaaaamxj_s004_t000.edf,aaaaamxj,250.0,330750,1323.0,36,True,0.0,125.0
train,abnormal,aaaaamxr_s001_t000.edf,aaaaamxr,250.0,323000,1292.0,30,True,0.0,125.0
train,abnormal,aaaaamxs_s001_t000.edf,aaaaamxs,250.0,308750,1235.0,30,True,0.0,125.0
train,abnormal,aaaaamxv_s001_t000.edf,aaaaamxv,250.0,300750,1203.0,30,True,0.0,125.0
train,abnormal,aaaaamyc_s004_t001.edf,aaaaamyc,256.0,326912,1277.0,33,True,0.0,128.0
train,abnormal,aaaaamyk_s001_t000.edf,aaaaamyk,250.0,300750,1203.0,30,True,0.0,125.0
train,abnormal,aaaaamyn_s001_t001.edf,aaaaamyn,250.0,292500,1170.0,30,True,0.0,125.0
train,abnormal,aaaaamyv_s001_t000.edf,aaaaamyv,250.0,310000,1240.0,30,True,0.0,125.0
train,abnormal,aaaaamzh_s001_t000.edf,aaaaamzh,250.0,313750,1255.0,30,True,0.0,125.0
train,abnormal,aaaaamzm_s001_t000.edf,aaaaamzm,250.0,301000,1204.0,30,True,0.0,125.0
train,abnormal,aaaaanab_s001_t000.edf,aaaaanab,250.0,301250,1205.0,30,True,0.0,125.0
train,abnormal,aaaaanac_s002_t000.edf,aaaaanac,250.0,302500,1210.0,30,True,0.0,125.0
train,abnormal,aaaaanac_s003_t000.edf,aaaaanac,250.0,301750,1207.0,30,True,0.0,125.0
train,abnormal,aaaaanad_s001_t000.edf,aaaaanad,250.0,354500,1418.0,31,True,0.0,125.0
train,abnormal,aaaaanag_s001_t001.edf,aaaaanag,250.0,303500,1214.0,30,True,0.0,125.0
train,abnormal,aaaaanag_s002_t000.edf,aaaaanag,250.0,311500,1246.0,30,True,0.0,125.0
train,abnormal,aaaaanai_s001_t000.edf,aaaaanai,250.0,347250,1389.0,30,True,0.0,125.0
train,abnormal,aaaaanbb_s001_t000.edf,aaaaanbb,250.0,367250,1469.0,30,True,0.0,125.0
train,abnormal,aaaaanbd_s001_t001.edf,aaaaanbd,250.0,266500,1066.0,30,True,0.0,125.0
train,abnormal,aaaaanbe_s001_t001.edf,aaaaanbe,250.0,666250,2665.0,31,True,0.0,125.0
train,abnormal,aaaaanbj_s002_t000.edf,aaaaanbj,250.0,302500,1210.0,31,True,0.0,125.0
train,abnormal,aaaaanbm_s001_t000.edf,aaaaanbm,250.0,301000,1204.0,30,True,0.0,125.0
train,abnormal,aaaaanbp_s001_t002.edf,aaaaanbp,250.0,358750,1435.0,36,True,0.0,125.0
train,abnormal,aaaaanbp_s002_t000.edf,aaaaanbp,250.0,301000,1204.0,30,True,0.0,125.0
train,abnormal,aaaaanbt_s001_t000.edf,aaaaanbt,250.0,301250,1205.0,30,True,0.0,125.0
train,abnormal,aaaaanca_s001_t000.edf,aaaaanca,250.0,306750,1227.0,30,True,0.0,125.0
train,abnormal,aaaaanca_s002_t000.edf,aaaaanca,250.0,307000,1228.0,30,True,0.0,125.0
train,abnormal,aaaaancb_s001_t000.edf,aaaaancb,250.0,307000,1228.0,30,True,0.0,125.0
train,abnormal,aaaaancb_s002_t000.edf,aaaaancb,250.0,266500,1066.0,36,True,0.0,125.0
train,abnormal,aaaaancc_s001_t000.edf,aaaaancc,250.0,303500,1214.0,30,True,0.0,125.0
train,abnormal,aaaaance_s001_t000.edf,aaaaance,250.0,301750,1207.0,30,True,0.0,125.0
train,abnormal,aaaaandb_s001_t000.edf,aaaaandb,250.0,304750,1219.0,30,True,0.0,125.0
train,abnormal,aaaaandf_s002_t000.edf,aaaaandf,250.0,345000,1380.0,30,True,0.0,125.0
train,abnormal,aaaaandj_s001_t000.edf,aaaaandj,250.0,376250,1505.0,30,True,0.0,125.0
train,abnormal,aaaaandj_s002_t000.edf,aaaaandj,250.0,346250,1385.0,30,True,0.0,125.0
train,abnormal,aaaaando_s001_t001.edf,aaaaando,250.0,254500,1018.0,30,True,0.0,125.0
train,abnormal,aaaaandq_s001_t000.edf,aaaaandq,250.0,302000,1208.0,30,True,0.0,125.0
train,abnormal,aaaaandx_s001_t001.edf,aaaaandx,250.0,333250,1333.0,36,True,0.0,125.0
train,abnormal,aaaaandx_s003_t006.edf,aaaaandx,256.0,251904,984.0,34,True,0.0,128.0
train,abnormal,aaaaandy_s001_t000.edf,aaaaandy,250.0,300500,1202.0,30,True,0.0,125.0
train,abnormal,aaaaaneh_s001_t000.edf,aaaaaneh,250.0,367000,1468.0,31,True,0.0,125.0
train,abnormal,aaaaaneo_s001_t000.edf,aaaaaneo,250.0,315750,1263.0,31,True,0.0,125.0
train,abnormal,aaaaanfi_s002_t001.edf,aaaaanfi,250.0,394500,1578.0,30,True,0.0,125.0
train,abnormal,aaaaanfl_s001_t000.edf,aaaaanfl,250.0,319000,1276.0,30,True,0.0,125.0
train,abnormal,aaaaangs_s001_t001.edf,aaaaangs,250.0,300000,1200.0,31,True,0.0,125.0
train,abnormal,aaaaanhd_s001_t000.edf,aaaaanhd,250.0,334750,1339.0,30,True,0.0,125.0
train,abnormal,aaaaanhg_s001_t000.edf,aaaaanhg,250.0,308750,1235.0,30,True,0.0,125.0
train,abnormal,aaaaanhm_s001_t004.edf,aaaaanhm,250.0,763250,3053.0,31,True,0.0,125.0
train,abnormal,aaaaanie_s001_t000.edf,aaaaanie,250.0,300750,1203.0,30,True,0.0,125.0
train,abnormal,aaaaanie_s003_t000.edf,aaaaanie,250.0,320750,1283.0,30,True,0.0,125.0
train,abnormal,aaaaanie_s004_t001.edf,aaaaanie,256.0,296192,1157.0,34,True,0.0,128.0
train,abnormal,aaaaanig_s001_t000.edf,aaaaanig,250.0,313000,1252.0,31,True,0.0,125.0
train,abnormal,aaaaanig_s002_t001.edf,aaaaanig,250.0,267500,1070.0,30,True,0.0,125.0
train,abnormal,aaaaanih_s001_t000.edf,aaaaanih,250.0,301250,1205.0,31,True,0.0,125.0
train,abnormal,aaaaanjc_s001_t002.edf,aaaaanjc,250.0,258250,1033.0,36,True,0.0,125.0
train,abnormal,aaaaanjh_s001_t000.edf,aaaaanjh,256.0,311552,1217.0,27,True,0.0,128.0
train,abnormal,aaaaanjh_s003_t000.edf,aaaaanjh,250.0,343250,1373.0,30,True,0.0,125.0
train,abnormal,aaaaanji_s002_t000.edf,aaaaanji,250.0,358750,1435.0,31,True,0.0,125.0
train,abnormal,aaaaanji_s007_t000.edf,aaaaanji,250.0,757500,3030.0,31,True,0.0,125.0
train,abnormal,aaaaanjj_s002_t000.edf,aaaaanjj,250.0,300750,1203.0,30,True,0.0,125.0
train,abnormal,aaaaanjn_s001_t000.edf,aaaaanjn,250.0,403250,1613.0,30,True,0.0,125.0
train,abnormal,aaaaanjo_s002_t000.edf,aaaaanjo,250.0,728000,2912.0,30,True,0.0,125.0
train,abnormal,aaaaanjx_s001_t000.edf,aaaaanjx,250.0,330750,1323.0,36,True,0.0,125.0
train,abnormal,aaaaanjz_s001_t000.edf,aaaaanjz,250.0,330750,1323.0,36,True,0.0,125.0
train,abnormal,aaaaanjz_s002_t001.edf,aaaaanjz,250.0,329500,1318.0,30,True,0.0,125.0
train,abnormal,aaaaankj_s001_t000.edf,aaaaankj,250.0,300500,1202.0,31,True,0.0,125.0
train,abnormal,aaaaankt_s001_t002.edf,aaaaankt,250.0,699500,2798.0,31,True,0.0,125.0
train,abnormal,aaaaanky_s001_t003.edf,aaaaanky,250.0,371250,1485.0,30,True,0.0,125.0
train,abnormal,aaaaankz_s001_t000.edf,aaaaankz,250.0,300750,1203.0,30,True,0.0,125.0
train,abnormal,aaaaankz_s002_t000.edf,aaaaankz,250.0,305000,1220.0,30,True,0.0,125.0
train,abnormal,aaaaankz_s004_t000.edf,aaaaankz,250.0,300250,1201.0,30,True,0.0,125.0
train,abnormal,aaaaanla_s001_t000.edf,aaaaanla,250.0,311500,1246.0,30,True,0.0,125.0
train,abnormal,aaaaanlm_s001_t000.edf,aaaaanlm,250.0,331250,1325.0,30,True,0.0,125.0
train,abnormal,aaaaanls_s001_t000.edf,aaaaanls,250.0,390250,1561.0,30,True,0.0,125.0
train,abnormal,aaaaanmi_s002_t000.edf,aaaaanmi,250.0,311250,1245.0,30,True,0.0,125.0
train,abnormal,aaaaanmi_s003_t001.edf,aaaaanmi,250.0,328000,1312.0,36,True,0.0,125.0
train,abnormal,aaaaanmi_s004_t004.edf,aaaaanmi,256.0,427264,1669.0,33,True,0.0,128.0
train,abnormal,aaaaanmw_s002_t000.edf,aaaaanmw,250.0,333750,1335.0,36,True,0.0,125.0
train,abnormal,aaaaanmw_s003_t000.edf,aaaaanmw,250.0,386250,1545.0,30,True,0.0,125.0
train,abnormal,aaaaanne_s001_t002.edf,aaaaanne,250.0,374250,1497.0,31,True,0.0,125.0
train,abnormal,aaaaanng_s001_t000.edf,aaaaanng,250.0,330500,1322.0,36,True,0.0,125.0
train,abnormal,aaaaannh_s001_t000.edf,aaaaannh,250.0,376250,1505.0,36,True,0.0,125.0
train,abnormal,aaaaannh_s002_t001.edf,aaaaannh,250.0,353750,1415.0,36,True,0.0,125.0
train,abnormal,aaaaannj_s001_t000.edf,aaaaannj,512.0,647680,1265.0,34,True,0.0,256.0
train,abnormal,aaaaannj_s003_t003.edf,aaaaannj,512.0,583680,1140.0,34,True,0.0,256.0
train,abnormal,aaaaannp_s001_t000.edf,aaaaannp,250.0,381000,1524.0,31,True,0.0,125.0
train,abnormal,aaaaannp_s002_t000.edf,aaaaannp,250.0,275500,1102.0,31,True,0.0,125.0
train,abnormal,aaaaannu_s002_t001.edf,aaaaannu,256.0,347392,1357.0,27,True,0.0,128.0
train,abnormal,aaaaannv_s001_t000.edf,aaaaannv,250.0,375750,1503.0,36,True,0.0,125.0
train,abnormal,aaaaanny_s001_t000.edf,aaaaanny,250.0,301000,1204.0,31,True,0.0,125.0
train,abnormal,aaaaanny_s002_t000.edf,aaaaanny,250.0,305500,1222.0,30,True,0.0,125.0
train,abnormal,aaaaanoa_s001_t001.edf,aaaaanoa,250.0,283000,1132.0,36,True,0.0,125.0
train,abnormal,aaaaanoa_s002_t000.edf,aaaaanoa,250.0,300500,1202.0,30,True,0.0,125.0
train,abnormal,aaaaanog_s001_t000.edf,aaaaanog,250.0,358000,1432.0,30,True,0.0,125.0
train,abnormal,aaaaanog_s002_t000.edf,aaaaanog,250.0,300750,1203.0,30,True,0.0,125.0
train,abnormal,aaaaanog_s003_t000.edf,aaaaanog,256.0,2530816,9886.0,27,True,0.0,128.0
train,abnormal,aaaaanog_s005_t000.edf,aaaaanog,250.0,301250,1205.0,31,True,0.0,125.0
train,abnormal,aaaaanog_s006_t000.edf,aaaaanog,250.0,348250,1393.0,36,True,0.0,125.0
train,abnormal,aaaaanog_s007_t000.edf,aaaaanog,250.0,280500,1122.0,30,True,0.0,125.0
train,abnormal,aaaaanog_s008_t000.edf,aaaaanog,256.0,340224,1329.0,35,True,0.0,128.0
train,abnormal,aaaaanog_s010_t000.edf,aaaaanog,250.0,331500,1326.0,36,True,0.0,125.0
train,abnormal,aaaaanol_s001_t000.edf,aaaaanol,250.0,314750,1259.0,30,True,0.0,125.0
train,abnormal,aaaaanou_s001_t000.edf,aaaaanou,250.0,300750,1203.0,30,True,0.0,125.0
train,abnormal,aaaaanou_s002_t000.edf,aaaaanou,250.0,300750,1203.0,31,True,0.0,125.0
train,abnormal,aaaaanox_s001_t000.edf,aaaaanox,250.0,304500,1218.0,30,True,0.0,125.0
train,abnormal,aaaaanpi_s001_t000.edf,aaaaanpi,250.0,302000,1208.0,30,True,0.0,125.0
train,abnormal,aaaaanpk_s001_t000.edf,aaaaanpk,250.0,310500,1242.0,30,True,0.0,125.0
train,abnormal,aaaaanpl_s001_t000.edf,aaaaanpl,250.0,302000,1208.0,36,True,0.0,125.0
train,abnormal,aaaaanps_s001_t000.edf,aaaaanps,250.0,318500,1274.0,30,True,0.0,125.0
train,abnormal,aaaaanpx_s001_t000.edf,aaaaanpx,250.0,345500,1382.0,31,True,0.0,125.0
train,abnormal,aaaaanpx_s002_t000.edf,aaaaanpx,250.0,316750,1267.0,36,True,0.0,125.0
train,abnormal,aaaaanpz_s001_t000.edf,aaaaanpz,250.0,345500,1382.0,31,True,0.0,125.0
train,abnormal,aaaaanqc_s003_t000.edf,aaaaanqc,250.0,326750,1307.0,36,True,0.0,125.0
train,abnormal,aaaaanqc_s004_t000.edf,aaaaanqc,250.0,330750,1323.0,30,True,0.0,125.0
train,abnormal,aaaaanqi_s002_t000.edf,aaaaanqi,250.0,332000,1328.0,36,True,0.0,125.0
train,abnormal,aaaaanqj_s002_t000.edf,aaaaanqj,250.0,349000,1396.0,36,True,0.0,125.0
train,abnormal,aaaaanqo_s001_t000.edf,aaaaanqo,250.0,357000,1428.0,30,True,0.0,125.0
train,abnormal,aaaaanqx_s001_t000.edf,aaaaanqx,250.0,380250,1521.0,30,True,0.0,125.0
train,abnormal,aaaaanqz_s001_t000.edf,aaaaanqz,250.0,341250,1365.0,36,True,0.0,125.0
train,abnormal,aaaaanrb_s001_t000.edf,aaaaanrb,250.0,340000,1360.0,36,True,0.0,125.0
train,abnormal,aaaaanrb_s002_t000.edf,aaaaanrb,250.0,330500,1322.0,36,True,0.0,125.0
train,abnormal,aaaaanrd_s002_t000.edf,aaaaanrd,250.0,342750,1371.0,30,True,0.0,125.0
train,abnormal,aaaaanre_s001_t000.edf,aaaaanre,250.0,315500,1262.0,30,True,0.0,125.0
train,abnormal,aaaaanri_s001_t000.edf,aaaaanri,250.0,300500,1202.0,30,True,0.0,125.0
train,abnormal,aaaaanrp_s002_t001.edf,aaaaanrp,250.0,326750,1307.0,36,True,0.0,125.0
train,abnormal,aaaaanrp_s005_t005.edf,aaaaanrp,256.0,313600,1225.0,33,True,0.0,128.0
train,abnormal,aaaaansd_s001_t000.edf,aaaaansd,250.0,356000,1424.0,30,True,0.0,125.0
train,abnormal,aaaaansi_s001_t000.edf,aaaaansi,250.0,300750,1203.0,30,True,0.0,125.0
train,abnormal,aaaaanso_s001_t000.edf,aaaaanso,250.0,301750,1207.0,30,True,0.0,125.0
train,abnormal,aaaaansr_s001_t000.edf,aaaaansr,250.0,343250,1373.0,30,True,0.0,125.0
train,abnormal,aaaaantc_s001_t000.edf,aaaaantc,250.0,303000,1212.0,30,True,0.0,125.0
train,abnormal,aaaaanth_s004_t001.edf,aaaaanth,250.0,333000,1332.0,36,True,0.0,125.0
train,abnormal,aaaaantn_s001_t000.edf,aaaaantn,250.0,303250,1213.0,31,True,0.0,125.0
train,abnormal,aaaaantn_s002_t000.edf,aaaaantn,250.0,349750,1399.0,30,True,0.0,125.0
train,abnormal,aaaaantn_s003_t006.edf,aaaaantn,250.0,263000,1052.0,36,True,0.0,125.0
train,abnormal,aaaaantp_s006_t000.edf,aaaaantp,250.0,343500,1374.0,30,True,0.0,125.0
train,abnormal,aaaaantt_s001_t000.edf,aaaaantt,250.0,306750,1227.0,30,True,0.0,125.0
train,abnormal,aaaaanuc_s001_t001.edf,aaaaanuc,250.0,251500,1006.0,30,True,0.0,125.0
train,abnormal,aaaaanuc_s002_t000.edf,aaaaanuc,250.0,357250,1429.0,30,True,0.0,125.0
train,abnormal,aaaaanud_s001_t000.edf,aaaaanud,256.0,325120,1270.0,27,True,0.0,128.0
train,abnormal,aaaaanud_s004_t000.edf,aaaaanud,250.0,331250,1325.0,36,True,0.0,125.0
train,abnormal,aaaaanuh_s001_t000.edf,aaaaanuh,250.0,322250,1289.0,30,True,0.0,125.0
train,abnormal,aaaaanuk_s001_t000.edf,aaaaanuk,250.0,355500,1422.0,30,True,0.0,125.0
train,abnormal,aaaaanuo_s001_t000.edf,aaaaanuo,250.0,307750,1231.0,30,True,0.0,125.0
train,abnormal,aaaaanur_s001_t000.edf,aaaaanur,250.0,300750,1203.0,30,True,0.0,125.0
train,abnormal,aaaaanuz_s001_t000.edf,aaaaanuz,250.0,330750,1323.0,30,True,0.0,125.0
train,abnormal,aaaaanvh_s001_t000.edf,aaaaanvh,256.0,311552,1217.0,27,True,0.0,128.0
train,abnormal,aaaaanvn_s002_t000.edf,aaaaanvn,250.0,424500,1698.0,30,True,0.0,125.0
train,abnormal,aaaaanwp_s001_t000.edf,aaaaanwp,250.0,353000,1412.0,30,True,0.0,125.0
train,abnormal,aaaaanws_s002_t000.edf,aaaaanws,250.0,301250,1205.0,31,True,0.0,125.0
train,abnormal,aaaaanws_s003_t000.edf,aaaaanws,250.0,317000,1268.0,31,True,0.0,125.0
train,abnormal,aaaaanxa_s001_t000.edf,aaaaanxa,250.0,331250,1325.0,31,True,0.0,125.0
train,abnormal,aaaaanxa_s002_t000.edf,aaaaanxa,250.0,380250,1521.0,30,True,0.0,125.0
train,abnormal,aaaaanxf_s001_t000.edf,aaaaanxf,250.0,369500,1478.0,36,True,0.0,125.0
train,abnormal,aaaaanxi_s005_t000.edf,aaaaanxi,250.0,310000,1240.0,31,True,0.0,125.0
train,abnormal,aaaaanyi_s003_t000.edf,aaaaanyi,250.0,295500,1182.0,36,True,0.0,125.0
train,abnormal,aaaaanym_s001_t004.edf,aaaaanym,250.0,275500,1102.0,30,True,0.0,125.0
train,abnormal,aaaaanys_s001_t000.edf,aaaaanys,250.0,459500,1838.0,30,True,0.0,125.0
train,abnormal,aaaaanys_s003_t000.edf,aaaaanys,250.0,331250,1325.0,36,True,0.0,125.0
train,abnormal,aaaaanys_s004_t001.edf,aaaaanys,250.0,327250,1309.0,36,True,0.0,125.0
train,abnormal,aaaaanzc_s001_t000.edf,aaaaanzc,250.0,353500,1414.0,30,True,0.0,125.0
train,abnormal,aaaaanzf_s001_t000.edf,aaaaanzf,250.0,352250,1409.0,30,True,0.0,125.0
train,abnormal,aaaaanzg_s001_t000.edf,aaaaanzg,250.0,324000,1296.0,30,True,0.0,125.0
train,abnormal,aaaaanzx_s001_t000.edf,aaaaanzx,250.0,370250,1481.0,30,True,0.0,125.0
train,abnormal,aaaaaoae_s001_t000.edf,aaaaaoae,250.0,315750,1263.0,30,True,0.0,125.0
train,abnormal,aaaaaoak_s001_t000.edf,aaaaaoak,250.0,338750,1355.0,36,True,0.0,125.0
train,abnormal,aaaaaoak_s002_t000.edf,aaaaaoak,250.0,316750,1267.0,30,True,0.0,125.0
train,abnormal,aaaaaoas_s001_t000.edf,aaaaaoas,250.0,342500,1370.0,36,True,0.0,125.0
train,abnormal,aaaaaoas_s002_t000.edf,aaaaaoas,250.0,366000,1464.0,30,True,0.0,125.0
train,abnormal,aaaaaoas_s003_t000.edf,aaaaaoas,250.0,314750,1259.0,30,True,0.0,125.0
train,abnormal,aaaaaoay_s001_t000.edf,aaaaaoay,256.0,320768,1253.0,27,True,0.0,128.0
train,abnormal,aaaaaobb_s001_t000.edf,aaaaaobb,250.0,367750,1471.0,30,True,0.0,125.0
train,abnormal,aaaaaobe_s002_t000.edf,aaaaaobe,250.0,371250,1485.0,30,True,0.0,125.0
train,abnormal,aaaaaobe_s003_t000.edf,aaaaaobe,250.0,345750,1383.0,30,True,0.0,125.0
train,abnormal,aaaaaobt_s001_t000.edf,aaaaaobt,250.0,328250,1313.0,36,True,0.0,125.0
train,abnormal,aaaaaobx_s001_t004.edf,aaaaaobx,250.0,403750,1615.0,30,True,0.0,125.0
train,abnormal,aaaaaocb_s001_t000.edf,aaaaaocb,250.0,332750,1331.0,36,True,0.0,125.0
train,abnormal,aaaaaoce_s001_t000.edf,aaaaaoce,250.0,364000,1456.0,30,True,0.0,125.0
train,abnormal,aaaaaock_s001_t000.edf,aaaaaock,250.0,331000,1324.0,36,True,0.0,125.0
train,abnormal,aaaaaocr_s001_t000.edf,aaaaaocr,250.0,331500,1326.0,30,True,0.0,125.0
train,abnormal,aaaaaocr_s002_t001.edf,aaaaaocr,250.0,318500,1274.0,30,True,0.0,125.0
train,abnormal,aaaaaocx_s001_t000.edf,aaaaaocx,250.0,334250,1337.0,36,True,0.0,125.0
train,abnormal,aaaaaocy_s001_t002.edf,aaaaaocy,250.0,291750,1167.0,30,True,0.0,125.0
train,abnormal,aaaaaocy_s007_t000.edf,aaaaaocy,256.0,344064,1344.0,27,True,0.0,128.0
train,abnormal,aaaaaocy_s008_t004.edf,aaaaaocy,250.0,277750,1111.0,36,True,0.0,125.0
train,abnormal,aaaaaocy_s009_t000.edf,aaaaaocy,250.0,327000,1308.0,30,True,0.0,125.0
train,abnormal,aaaaaodo_s001_t001.edf,aaaaaodo,250.0,325250,1301.0,30,True,0.0,125.0
train,abnormal,aaaaaods_s001_t000.edf,aaaaaods,250.0,374000,1496.0,30,True,0.0,125.0
train,abnormal,aaaaaoec_s001_t000.edf,aaaaaoec,250.0,406250,1625.0,30,True,0.0,125.0
train,abnormal,aaaaaoeh_s001_t000.edf,aaaaaoeh,250.0,331250,1325.0,36,True,0.0,125.0
train,abnormal,aaaaaoek_s001_t000.edf,aaaaaoek,250.0,422000,1688.0,30,True,0.0,125.0
train,abnormal,aaaaaoek_s002_t002.edf,aaaaaoek,250.0,328000,1312.0,30,True,0.0,125.0
train,abnormal,aaaaaoek_s003_t003.edf,aaaaaoek,250.0,355250,1421.0,30,True,0.0,125.0
train,abnormal,aaaaaoek_s009_t000.edf,aaaaaoek,250.0,317500,1270.0,30,True,0.0,125.0
train,abnormal,aaaaaoek_s010_t000.edf,aaaaaoek,250.0,315500,1262.0,30,True,0.0,125.0
train,abnormal,aaaaaoek_s011_t008.edf,aaaaaoek,256.0,644096,2516.0,27,True,0.0,128.0
train,abnormal,aaaaaoek_s015_t003.edf,aaaaaoek,256.0,472576,1846.0,27,True,0.0,128.0
train,abnormal,aaaaaoek_s021_t001.edf,aaaaaoek,256.0,871424,3404.0,33,True,0.0,128.0
train,abnormal,aaaaaoek_s029_t008.edf,aaaaaoek,256.0,395008,1543.0,33,True,0.0,128.0
train,abnormal,aaaaaoew_s001_t001.edf,aaaaaoew,250.0,324750,1299.0,30,True,0.0,125.0
train,abnormal,aaaaaoew_s004_t000.edf,aaaaaoew,250.0,328000,1312.0,30,True,0.0,125.0
train,abnormal,aaaaaofd_s001_t000.edf,aaaaaofd,250.0,351000,1404.0,30,True,0.0,125.0
train,abnormal,aaaaaofd_s002_t000.edf,aaaaaofd,250.0,330750,1323.0,36,True,0.0,125.0
train,abnormal,aaaaaofk_s001_t000.edf,aaaaaofk,250.0,319750,1279.0,36,True,0.0,125.0
train,abnormal,aaaaaofu_s001_t000.edf,aaaaaofu,250.0,306000,1224.0,30,True,0.0,125.0
train,abnormal,aaaaaofu_s004_t000.edf,aaaaaofu,512.0,586240,1145.0,34,True,0.0,256.0
train,abnormal,aaaaaofv_s001_t000.edf,aaaaaofv,250.0,371250,1485.0,30,True,0.0,125.0
train,abnormal,aaaaaogc_s001_t000.edf,aaaaaogc,250.0,336250,1345.0,36,True,0.0,125.0
train,abnormal,aaaaaogc_s002_t001.edf,aaaaaogc,250.0,284000,1136.0,30,True,0.0,125.0
train,abnormal,aaaaaogc_s003_t000.edf,aaaaaogc,250.0,320250,1281.0,30,True,0.0,125.0
train,abnormal,aaaaaogd_s001_t000.edf,aaaaaogd,256.0,321536,1256.0,27,True,0.0,128.0
train,abnormal,aaaaaogd_s005_t003.edf,aaaaaogd,256.0,253696,991.0,34,True,0.0,128.0
train,abnormal,aaaaaogd_s010_t000.edf,aaaaaogd,250.0,316250,1265.0,30,True,0.0,125.0
train,abnormal,aaaaaogd_s013_t000.edf,aaaaaogd,250.0,315750,1263.0,30,True,0.0,125.0
train,abnormal,aaaaaogi_s001_t000.edf,aaaaaogi,250.0,375750,1503.0,30,True,0.0,125.0
train,abnormal,aaaaaogj_s001_t004.edf,aaaaaogj,250.0,309000,1236.0,30,True,0.0,125.0
train,abnormal,aaaaaogo_s001_t000.edf,aaaaaogo,250.0,360500,1442.0,30,True,0.0,125.0
train,abnormal,aaaaaogp_s001_t000.edf,aaaaaogp,250.0,324250,1297.0,30,True,0.0,125.0
train,abnormal,aaaaaogr_s001_t001.edf,aaaaaogr,250.0,314750,1259.0,30,True,0.0,125.0
train,abnormal,aaaaaogs_s001_t001.edf,aaaaaogs,250.0,273000,1092.0,31,True,0.0,125.0
train,abnormal,aaaaaogs_s002_t000.edf,aaaaaogs,250.0,333750,1335.0,30,True,0.0,125.0
train,abnormal,aaaaaohd_s002_t000.edf,aaaaaohd,250.0,331000,1324.0,36,True,0.0,125.0
train,abnormal,aaaaaoho_s001_t001.edf,aaaaaoho,250.0,261000,1044.0,30,True,0.0,125.0
train,abnormal,aaaaaoir_s001_t002.edf,aaaaaoir,250.0,317000,1268.0,36,True,0.0,125.0
train,abnormal,aaaaaoiu_s001_t000.edf,aaaaaoiu,250.0,358250,1433.0,36,True,0.0,125.0
train,abnormal,aaaaaoiw_s001_t000.edf,aaaaaoiw,250.0,303750,1215.0,36,True,0.0,125.0
train,abnormal,aaaaaoiw_s002_t000.edf,aaaaaoiw,250.0,341500,1366.0,36,True,0.0,125.0
train,abnormal,aaaaaoiz_s003_t009.edf,aaaaaoiz,256.0,279808,1093.0,27,True,0.0,128.0
train,abnormal,aaaaaoiz_s004_t000.edf,aaaaaoiz,256.0,451584,1764.0,27,True,0.0,128.0
train,abnormal,aaaaaoje_s001_t000.edf,aaaaaoje,250.0,343750,1375.0,30,True,0.0,125.0
train,abnormal,aaaaaojj_s001_t000.edf,aaaaaojj,250.0,323250,1293.0,30,True,0.0,125.0
train,abnormal,aaaaaojj_s002_t000.edf,aaaaaojj,250.0,338500,1354.0,30,True,0.0,125.0
train,abnormal,aaaaaojm_s001_t000.edf,aaaaaojm,250.0,317750,1271.0,30,True,0.0,125.0
train,abnormal,aaaaaojw_s001_t000.edf,aaaaaojw,250.0,301000,1204.0,36,True,0.0,125.0
train,abnormal,aaaaaojw_s002_t000.edf,aaaaaojw,250.0,313000,1252.0,36,True,0.0,125.0
train,abnormal,aaaaaojw_s003_t002.edf,aaaaaojw,250.0,308000,1232.0,36,True,0.0,125.0
train,abnormal,aaaaaokb_s001_t001.edf,aaaaaokb,250.0,337250,1349.0,36,True,0.0,125.0
train,abnormal,aaaaaokb_s002_t000.edf,aaaaaokb,250.0,315000,1260.0,36,True,0.0,125.0
train,abnormal,aaaaaoko_s001_t000.edf,aaaaaoko,250.0,359500,1438.0,36,True,0.0,125.0
train,abnormal,aaaaaokr_s001_t000.edf,aaaaaokr,250.0,317000,1268.0,36,True,0.0,125.0
train,abnormal,aaaaaolc_s001_t000.edf,aaaaaolc,250.0,310250,1241.0,30,True,0.0,125.0
train,abnormal,aaaaaole_s001_t001.edf,aaaaaole,250.0,300000,1200.0,30,True,0.0,125.0
train,abnormal,aaaaaomd_s001_t001.edf,aaaaaomd,250.0,295000,1180.0,36,True,0.0,125.0
train,abnormal,aaaaaomh_s001_t001.edf,aaaaaomh,250.0,294500,1178.0,31,True,0.0,125.0
train,abnormal,aaaaaong_s001_t000.edf,aaaaaong,250.0,370000,1480.0,36,True,0.0,125.0
train,abnormal,aaaaaonj_s001_t000.edf,aaaaaonj,250.0,414500,1658.0,30,True,0.0,125.0
train,abnormal,aaaaaonl_s001_t000.edf,aaaaaonl,250.0,402000,1608.0,30,True,0.0,125.0
train,abnormal,aaaaaonl_s002_t000.edf,aaaaaonl,250.0,392250,1569.0,30,True,0.0,125.0
train,abnormal,aaaaaonl_s004_t000.edf,aaaaaonl,250.0,336000,1344.0,36,True,0.0,125.0
train,abnormal,aaaaaonl_s010_t000.edf,aaaaaonl,250.0,317000,1268.0,30,True,0.0,125.0
train,abnormal,aaaaaonx_s001_t000.edf,aaaaaonx,250.0,364250,1457.0,30,True,0.0,125.0
train,abnormal,aaaaaonz_s001_t000.edf,aaaaaonz,250.0,375500,1502.0,30,True,0.0,125.0
train,abnormal,aaaaaook_s001_t000.edf,aaaaaook,256.0,399616,1561.0,27,True,0.0,128.0
train,abnormal,aaaaaool_s002_t000.edf,aaaaaool,256.0,446464,1744.0,27,True,0.0,128.0
train,abnormal,aaaaaool_s003_t000.edf,aaaaaool,250.0,390750,1563.0,30,True,0.0,125.0
train,abnormal,aaaaaool_s004_t001.edf,aaaaaool,250.0,457750,1831.0,30,True,0.0,125.0
train,abnormal,aaaaaool_s005_t003.edf,aaaaaool,256.0,323840,1265.0,33,True,0.0,128.0
train,abnormal,aaaaaoom_s001_t001.edf,aaaaaoom,250.0,389000,1556.0,30,True,0.0,125.0
train,abnormal,aaaaaoom_s002_t006.edf,aaaaaoom,256.0,258304,1009.0,27,True,0.0,128.0
train,abnormal,aaaaaooo_s001_t000.edf,aaaaaooo,250.0,392000,1568.0,36,True,0.0,125.0
train,abnormal,aaaaaooo_s002_t001.edf,aaaaaooo,256.0,871680,3405.0,27,True,0.0,128.0
train,abnormal,aaaaaoou_s001_t000.edf,aaaaaoou,250.0,331250,1325.0,36,True,0.0,125.0
train,abnormal,aaaaaooy_s001_t000.edf,aaaaaooy,250.0,342250,1369.0,36,True,0.0,125.0
train,abnormal,aaaaaooz_s001_t000.edf,aaaaaooz,250.0,346500,1386.0,36,True,0.0,125.0
train,abnormal,aaaaaopa_s001_t000.edf,aaaaaopa,250.0,357750,1431.0,36,True,0.0,125.0
train,abnormal,aaaaaopa_s002_t000.edf,aaaaaopa,250.0,347750,1391.0,36,True,0.0,125.0
train,abnormal,aaaaaopb_s001_t003.edf,aaaaaopb,250.0,340750,1363.0,36,True,0.0,125.0
train,abnormal,aaaaaopj_s001_t000.edf,aaaaaopj,256.0,368896,1441.0,28,True,0.0,128.0
train,abnormal,aaaaaopm_s005_t001.edf,aaaaaopm,250.0,336250,1345.0,36,True,0.0,125.0
train,abnormal,aaaaaopt_s001_t000.edf,aaaaaopt,250.0,345750,1383.0,31,True,0.0,125.0
train,abnormal,aaaaaopv_s001_t000.edf,aaaaaopv,250.0,346250,1385.0,31,True,0.0,125.0
train,abnormal,aaaaaoqg_s001_t000.edf,aaaaaoqg,250.0,331500,1326.0,31,True,0.0,125.0
train,abnormal,aaaaaoqw_s001_t000.edf,aaaaaoqw,250.0,388750,1555.0,30,True,0.0,125.0
train,abnormal,aaaaaoqw_s002_t000.edf,aaaaaoqw,250.0,305500,1222.0,30,True,0.0,125.0
train,abnormal,aaaaaorh_s001_t000.edf,aaaaaorh,250.0,328500,1314.0,36,True,0.0,125.0
train,abnormal,aaaaaorj_s001_t000.edf,aaaaaorj,250.0,352250,1409.0,36,True,0.0,125.0
train,abnormal,aaaaaorj_s002_t003.edf,aaaaaorj,250.0,248000,992.0,30,True,0.0,125.0
train,abnormal,aaaaaoro_s001_t001.edf,aaaaaoro,250.0,366750,1467.0,30,True,0.0,125.0
train,abnormal,aaaaaoro_s002_t000.edf,aaaaaoro,250.0,312750,1251.0,30,True,0.0,125.0
train,abnormal,aaaaaorp_s001_t000.edf,aaaaaorp,250.0,339250,1357.0,30,True,0.0,125.0
train,abnormal,aaaaaoru_s002_t000.edf,aaaaaoru,250.0,378000,1512.0,30,True,0.0,125.0
train,abnormal,aaaaaoru_s003_t001.edf,aaaaaoru,250.0,312750,1251.0,36,True,0.0,125.0
train,abnormal,aaaaaorw_s001_t001.edf,aaaaaorw,250.0,304250,1217.0,30,True,0.0,125.0
train,abnormal,aaaaaorz_s001_t002.edf,aaaaaorz,250.0,335000,1340.0,30,True,0.0,125.0
train,abnormal,aaaaaorz_s002_t000.edf,aaaaaorz,250.0,322500,1290.0,31,True,0.0,125.0
train,abnormal,aaaaaosc_s001_t000.edf,aaaaaosc,250.0,374250,1497.0,30,True,0.0,125.0
train,abnormal,aaaaaosd_s001_t001.edf,aaaaaosd,256.0,302848,1183.0,27,True,0.0,128.0
train,abnormal,aaaaaosd_s005_t000.edf,aaaaaosd,250.0,310250,1241.0,30,True,0.0,125.0
train,abnormal,aaaaaosl_s001_t000.edf,aaaaaosl,250.0,312500,1250.0,30,True,0.0,125.0
train,abnormal,aaaaaoso_s001_t000.edf,aaaaaoso,250.0,415250,1661.0,30,True,0.0,125.0
train,abnormal,aaaaaotb_s001_t000.edf,aaaaaotb,250.0,375500,1502.0,36,True,0.0,125.0
train,abnormal,aaaaaoti_s001_t002.edf,aaaaaoti,250.0,242750,971.0,36,True,0.0,125.0
train,abnormal,aaaaaots_s001_t001.edf,aaaaaots,256.0,323584,1264.0,28,True,0.0,128.0
train,abnormal,aaaaaott_s001_t001.edf,aaaaaott,250.0,312500,1250.0,30,True,0.0,125.0
train,abnormal,aaaaaott_s002_t001.edf,aaaaaott,256.0,317696,1241.0,28,True,0.0,128.0
train,abnormal,aaaaaoui_s002_t001.edf,aaaaaoui,250.0,344500,1378.0,30,True,0.0,125.0
train,abnormal,aaaaaouj_s001_t001.edf,aaaaaouj,250.0,324000,1296.0,30,True,0.0,125.0
train,abnormal,aaaaaouj_s002_t001.edf,aaaaaouj,250.0,323250,1293.0,30,True,0.0,125.0
train,abnormal,aaaaaouk_s001_t000.edf,aaaaaouk,250.0,348250,1393.0,30,True,0.0,125.0
train,abnormal,aaaaaouk_s003_t001.edf,aaaaaouk,250.0,324000,1296.0,30,True,0.0,125.0
train,abnormal,aaaaaouk_s007_t001.edf,aaaaaouk,250.0,346000,1384.0,30,True,0.0,125.0
train,abnormal,aaaaaouo_s001_t001.edf,aaaaaouo,250.0,307250,1229.0,30,True,0.0,125.0
train,abnormal,aaaaaouw_s001_t000.edf,aaaaaouw,250.0,321750,1287.0,30,True,0.0,125.0
train,abnormal,aaaaaouw_s002_t000.edf,aaaaaouw,250.0,366250,1465.0,30,True,0.0,125.0
train,abnormal,aaaaaouz_s001_t001.edf,aaaaaouz,250.0,296000,1184.0,30,True,0.0,125.0
train,abnormal,aaaaaovm_s005_t001.edf,aaaaaovm,256.0,449280,1755.0,28,True,0.0,128.0
train,abnormal,aaaaaovm_s006_t002.edf,aaaaaovm,250.0,245250,981.0,30,True,0.0,125.0
train,abnormal,aaaaaovq_s001_t000.edf,aaaaaovq,250.0,375750,1503.0,36,True,0.0,125.0
train,abnormal,aaaaaovt_s001_t000.edf,aaaaaovt,250.0,436000,1744.0,36,True,0.0,125.0
train,abnormal,aaaaaovx_s001_t000.edf,aaaaaovx,250.0,335500,1342.0,36,True,0.0,125.0
train,abnormal,aaaaaovx_s002_t001.edf,aaaaaovx,250.0,327000,1308.0,36,True,0.0,125.0
train,abnormal,aaaaaovx_s003_t000.edf,aaaaaovx,250.0,391250,1565.0,30,True,0.0,125.0
train,abnormal,aaaaaovz_s001_t000.edf,aaaaaovz,250.0,331750,1327.0,36,True,0.0,125.0
train,abnormal,aaaaaowo_s002_t000.edf,aaaaaowo,256.0,354560,1385.0,28,True,0.0,128.0
train,abnormal,aaaaaowq_s007_t000.edf,aaaaaowq,256.0,296704,1159.0,34,True,0.0,128.0
train,abnormal,aaaaaows_s001_t000.edf,aaaaaows,250.0,319750,1279.0,30,True,0.0,125.0
train,abnormal,aaaaaowt_s001_t002.edf,aaaaaowt,250.0,366250,1465.0,30,True,0.0,125.0
train,abnormal,aaaaaowz_s001_t000.edf,aaaaaowz,250.0,348000,1392.0,30,True,0.0,125.0
train,abnormal,aaaaaoxa_s004_t002.edf,aaaaaoxa,256.0,524544,2049.0,27,True,0.0,128.0
train,abnormal,aaaaaoxa_s006_t003.edf,aaaaaoxa,256.0,624896,2441.0,27,True,0.0,128.0
train,abnormal,aaaaaoxn_s001_t001.edf,aaaaaoxn,250.0,341500,1366.0,36,True,0.0,125.0
train,abnormal,aaaaaoxn_s002_t000.edf,aaaaaoxn,250.0,321500,1286.0,30,True,0.0,125.0
train,abnormal,aaaaaoxt_s001_t000.edf,aaaaaoxt,250.0,412500,1650.0,30,True,0.0,125.0
train,abnormal,aaaaaoxy_s001_t000.edf,aaaaaoxy,250.0,354750,1419.0,30,True,0.0,125.0
train,abnormal,aaaaaoyk_s001_t000.edf,aaaaaoyk,250.0,410000,1640.0,30,True,0.0,125.0
train,abnormal,aaaaaoyn_s001_t000.edf,aaaaaoyn,250.0,369250,1477.0,30,True,0.0,125.0
train,abnormal,aaaaaoyp_s001_t001.edf,aaaaaoyp,250.0,338000,1352.0,30,True,0.0,125.0
train,abnormal,aaaaaoyt_s001_t001.edf,aaaaaoyt,250.0,564000,2256.0,36,True,0.0,125.0
train,abnormal,aaaaaoze_s001_t002.edf,aaaaaoze,250.0,346750,1387.0,31,True,0.0,125.0
train,abnormal,aaaaaozu_s001_t001.edf,aaaaaozu,256.0,320768,1253.0,28,True,0.0,128.0
train,abnormal,aaaaaozv_s001_t001.edf,aaaaaozv,256.0,296704,1159.0,28,True,0.0,128.0
train,abnormal,aaaaaozy_s001_t000.edf,aaaaaozy,250.0,375750,1503.0,36,True,0.0,125.0
train,abnormal,aaaaaozz_s001_t000.edf,aaaaaozz,250.0,322500,1290.0,30,True,0.0,125.0
train,abnormal,aaaaaozz_s002_t000.edf,aaaaaozz,250.0,375750,1503.0,36,True,0.0,125.0
train,abnormal,aaaaapaa_s001_t000.edf,aaaaapaa,250.0,390750,1563.0,30,True,0.0,125.0
train,abnormal,aaaaapaa_s002_t000.edf,aaaaapaa,250.0,385000,1540.0,36,True,0.0,125.0
train,abnormal,aaaaapao_s001_t000.edf,aaaaapao,250.0,370000,1480.0,30,True,0.0,125.0
train,abnormal,aaaaapap_s001_t000.edf,aaaaapap,250.0,375250,1501.0,36,True,0.0,125.0
train,abnormal,aaaaapaq_s001_t000.edf,aaaaapaq,250.0,388750,1555.0,30,True,0.0,125.0
train,abnormal,aaaaapaq_s002_t000.edf,aaaaapaq,250.0,318750,1275.0,30,True,0.0,125.0
train,abnormal,aaaaapas_s001_t001.edf,aaaaapas,250.0,380250,1521.0,30,True,0.0,125.0
train,abnormal,aaaaapas_s003_t000.edf,aaaaapas,256.0,264448,1033.0,34,True,0.0,128.0
train,abnormal,aaaaapaw_s001_t000.edf,aaaaapaw,250.0,341500,1366.0,36,True,0.0,125.0
train,abnormal,aaaaapaw_s002_t004.edf,aaaaapaw,512.0,555520,1085.0,29,True,0.0,256.0
train,abnormal,aaaaapax_s001_t001.edf,aaaaapax,256.0,631552,2467.0,27,True,0.0,128.0
train,abnormal,aaaaapax_s003_t000.edf,aaaaapax,256.0,740864,2894.0,27,True,0.0,128.0
train,abnormal,aaaaapbp_s001_t000.edf,aaaaapbp,250.0,337750,1351.0,36,True,0.0,125.0
train,abnormal,aaaaapbz_s001_t001.edf,aaaaapbz,250.0,310250,1241.0,30,True,0.0,125.0
train,abnormal,aaaaapca_s001_t000.edf,aaaaapca,250.0,370500,1482.0,30,True,0.0,125.0
train,abnormal,aaaaapck_s001_t000.edf,aaaaapck,250.0,337750,1351.0,30,True,0.0,125.0
train,abnormal,aaaaapcr_s002_t000.edf,aaaaapcr,250.0,442500,1770.0,30,True,0.0,125.0
train,abnormal,aaaaapcr_s004_t001.edf,aaaaapcr,256.0,285440,1115.0,33,True,0.0,128.0
train,abnormal,aaaaapcr_s008_t000.edf,aaaaapcr,256.0,775936,3031.0,29,True,0.0,128.0
train,abnormal,aaaaapcr_s010_t001.edf,aaaaapcr,256.0,5106688,19948.0,29,True,0.0,128.0
train,abnormal,aaaaapdb_s001_t000.edf,aaaaapdb,256.0,355584,1389.0,34,True,0.0,128.0
train,abnormal,aaaaapdi_s001_t000.edf,aaaaapdi,250.0,368750,1475.0,30,True,0.0,125.0
train,abnormal,aaaaapdx_s001_t000.edf,aaaaapdx,250.0,348500,1394.0,36,True,0.0,125.0
train,abnormal,aaaaapei_s001_t000.edf,aaaaapei,250.0,331500,1326.0,30,True,0.0,125.0
train,abnormal,aaaaapek_s001_t000.edf,aaaaapek,250.0,389250,1557.0,30,True,0.0,125.0
train,abnormal,aaaaapfa_s003_t002.edf,aaaaapfa,256.0,2849536,11131.0,27,True,0.0,128.0
train,abnormal,aaaaapfa_s004_t000.edf,aaaaapfa,250.0,315250,1261.0,30,True,0.0,125.0
train,abnormal,aaaaapfk_s001_t000.edf,aaaaapfk,250.0,345500,1382.0,30,True,0.0,125.0
train,abnormal,aaaaapfv_s001_t000.edf,aaaaapfv,250.0,308500,1234.0,30,True,0.0,125.0
train,abnormal,aaaaapfv_s002_t000.edf,aaaaapfv,250.0,320250,1281.0,30,True,0.0,125.0
train,abnormal,aaaaapfw_s001_t000.edf,aaaaapfw,250.0,325500,1302.0,30,True,0.0,125.0
train,abnormal,aaaaapgb_s001_t000.edf,aaaaapgb,250.0,405750,1623.0,30,True,0.0,125.0
train,abnormal,aaaaapge_s001_t000.edf,aaaaapge,250.0,369000,1476.0,30,True,0.0,125.0
train,abnormal,aaaaapgh_s001_t000.edf,aaaaapgh,250.0,425000,1700.0,30,True,0.0,125.0
train,abnormal,aaaaapgt_s001_t000.edf,aaaaapgt,250.0,440250,1761.0,30,True,0.0,125.0
train,abnormal,aaaaapgt_s003_t000.edf,aaaaapgt,250.0,307750,1231.0,36,True,0.0,125.0
train,abnormal,aaaaapgt_s007_t001.edf,aaaaapgt,256.0,2714880,10605.0,33,True,0.0,128.0
train,abnormal,aaaaaphn_s001_t000.edf,aaaaaphn,250.0,315500,1262.0,36,True,0.0,125.0
train,abnormal,aaaaapho_s001_t000.edf,aaaaapho,250.0,335500,1342.0,30,True,0.0,125.0
train,abnormal,aaaaaphp_s001_t000.edf,aaaaaphp,250.0,331750,1327.0,36,True,0.0,125.0
train,abnormal,aaaaapib_s001_t001.edf,aaaaapib,250.0,295250,1181.0,30,True,0.0,125.0
train,abnormal,aaaaapid_s001_t000.edf,aaaaapid,250.0,309250,1237.0,30,True,0.0,125.0
train,abnormal,aaaaapir_s001_t000.edf,aaaaapir,250.0,309250,1237.0,30,True,0.0,125.0
train,abnormal,aaaaapiu_s001_t000.edf,aaaaapiu,250.0,304750,1219.0,30,True,0.0,125.0
train,abnormal,aaaaapiz_s001_t001.edf,aaaaapiz,250.0,401500,1606.0,30,True,0.0,125.0
train,abnormal,aaaaapjb_s001_t001.edf,aaaaapjb,250.0,407500,1630.0,30,True,0.0,125.0
train,abnormal,aaaaapjf_s001_t000.edf,aaaaapjf,250.0,370500,1482.0,30,True,0.0,125.0
train,abnormal,aaaaapjn_s001_t000.edf,aaaaapjn,250.0,342500,1370.0,36,True,0.0,125.0
train,abnormal,aaaaapjp_s001_t000.edf,aaaaapjp,250.0,315750,1263.0,36,True,0.0,125.0
train,abnormal,aaaaapki_s001_t000.edf,aaaaapki,250.0,332500,1330.0,36,True,0.0,125.0
train,abnormal,aaaaapkk_s001_t000.edf,aaaaapkk,250.0,476000,1904.0,30,True,0.0,125.0
train,abnormal,aaaaapks_s001_t000.edf,aaaaapks,250.0,362000,1448.0,30,True,0.0,125.0
train,abnormal,aaaaapks_s005_t000.edf,aaaaapks,256.0,847616,3311.0,27,True,0.0,128.0
train,abnormal,aaaaapks_s008_t000.edf,aaaaapks,250.0,309500,1238.0,30,True,0.0,125.0
train,abnormal,aaaaapks_s009_t000.edf,aaaaapks,250.0,393000,1572.0,30,True,0.0,125.0
train,abnormal,aaaaapkt_s001_t001.edf,aaaaapkt,250.0,257000,1028.0,30,True,0.0,125.0
train,abnormal,aaaaaplf_s001_t000.edf,aaaaaplf,250.0,360500,1442.0,30,True,0.0,125.0
train,abnormal,aaaaaplh_s001_t000.edf,aaaaaplh,250.0,340750,1363.0,36,True,0.0,125.0
train,abnormal,aaaaapli_s001_t000.edf,aaaaapli,250.0,377750,1511.0,36,True,0.0,125.0
train,abnormal,aaaaaplj_s001_t000.edf,aaaaaplj,250.0,331000,1324.0,36,True,0.0,125.0
train,abnormal,aaaaaplq_s001_t000.edf,aaaaaplq,250.0,308000,1232.0,30,True,0.0,125.0
train,abnormal,aaaaapls_s001_t000.edf,aaaaapls,250.0,312000,1248.0,30,True,0.0,125.0
train,abnormal,aaaaaplz_s001_t000.edf,aaaaaplz,250.0,332000,1328.0,36,True,0.0,125.0
train,abnormal,aaaaapma_s001_t000.edf,aaaaapma,250.0,360750,1443.0,36,True,0.0,125.0
train,abnormal,aaaaapmq_s001_t001.edf,aaaaapmq,250.0,322250,1289.0,30,True,0.0,125.0
train,abnormal,aaaaapmr_s001_t000.edf,aaaaapmr,250.0,318250,1273.0,30,True,0.0,125.0
train,abnormal,aaaaapmt_s001_t001.edf,aaaaapmt,250.0,325750,1303.0,36,True,0.0,125.0
train,abnormal,aaaaapnc_s018_t000.edf,aaaaapnc,256.0,315904,1234.0,33,True,0.0,128.0
train,abnormal,aaaaapnc_s019_t001.edf,aaaaapnc,256.0,876032,3422.0,33,True,0.0,128.0
train,abnormal,aaaaapng_s001_t001.edf,aaaaapng,250.0,274500,1098.0,30,True,0.0,125.0
train,abnormal,aaaaapnh_s001_t000.edf,aaaaapnh,250.0,331500,1326.0,30,True,0.0,125.0
train,abnormal,aaaaapnl_s002_t001.edf,aaaaapnl,250.0,578750,2315.0,30,True,0.0,125.0
train,abnormal,aaaaapnl_s003_t000.edf,aaaaapnl,256.0,363008,1418.0,28,True,0.0,128.0
train,abnormal,aaaaapno_s001_t002.edf,aaaaapno,250.0,319000,1276.0,36,True,0.0,125.0
train,abnormal,aaaaapnx_s001_t001.edf,aaaaapnx,250.0,313250,1253.0,36,True,0.0,125.0
train,abnormal,aaaaapnx_s002_t000.edf,aaaaapnx,250.0,340250,1361.0,36,True,0.0,125.0
train,abnormal,aaaaapny_s001_t001.edf,aaaaapny,250.0,331250,1325.0,36,True,0.0,125.0
train,abnormal,aaaaapoy_s001_t001.edf,aaaaapoy,256.0,308736,1206.0,33,True,0.0,128.0
train,abnormal,aaaaappi_s001_t000.edf,aaaaappi,250.0,373250,1493.0,30,True,0.0,125.0
train,abnormal,aaaaappk_s001_t001.edf,aaaaappk,250.0,328500,1314.0,30,True,0.0,125.0
train,abnormal,aaaaappo_s001_t002.edf,aaaaappo,250.0,271250,1085.0,36,True,0.0,125.0
train,abnormal,aaaaappr_s001_t001.edf,aaaaappr,250.0,448750,1795.0,36,True,0.0,125.0
train,abnormal,aaaaappt_s001_t001.edf,aaaaappt,250.0,334500,1338.0,36,True,0.0,125.0
train,abnormal,aaaaapqi_s001_t002.edf,aaaaapqi,250.0,276500,1106.0,30,True,0.0,125.0
train,abnormal,aaaaaprb_s001_t001.edf,aaaaaprb,250.0,300000,1200.0,30,True,0.0,125.0
train,abnormal,aaaaaprc_s003_t000.edf,aaaaaprc,256.0,902656,3526.0,27,True,0.0,128.0
train,abnormal,aaaaapre_s001_t002.edf,aaaaapre,256.0,317952,1242.0,27,True,0.0,128.0
train,abnormal,aaaaaprf_s001_t000.edf,aaaaaprf,250.0,318000,1272.0,30,True,0.0,125.0
train,abnormal,aaaaaprf_s002_t001.edf,aaaaaprf,256.0,270336,1056.0,27,True,0.0,128.0
train,abnormal,aaaaaprf_s003_t002.edf,aaaaaprf,256.0,439808,1718.0,27,True,0.0,128.0
train,abnormal,aaaaaprf_s004_t000.edf,aaaaaprf,256.0,331264,1294.0,27,True,0.0,128.0
train,abnormal,aaaaapsb_s001_t001.edf,aaaaapsb,250.0,445750,1783.0,36,True,0.0,125.0
train,abnormal,aaaaapsj_s001_t002.edf,aaaaapsj,250.0,510750,2043.0,36,True,0.0,125.0
train,abnormal,aaaaapsk_s001_t000.edf,aaaaapsk,250.0,309500,1238.0,30,True,0.0,125.0
train,abnormal,aaaaapsm_s001_t000.edf,aaaaapsm,250.0,302250,1209.0,30,True,0.0,125.0
train,abnormal,aaaaapsm_s002_t000.edf,aaaaapsm,250.0,311000,1244.0,30,True,0.0,125.0
train,abnormal,aaaaapsq_s001_t000.edf,aaaaapsq,250.0,309250,1237.0,30,True,0.0,125.0
train,abnormal,aaaaapte_s001_t000.edf,aaaaapte,256.0,322816,1261.0,27,True,0.0,128.0
train,abnormal,aaaaaptf_s001_t000.edf,aaaaaptf,256.0,380672,1487.0,33,True,0.0,128.0
train,abnormal,aaaaaptf_s002_t000.edf,aaaaaptf,250.0,310000,1240.0,30,True,0.0,125.0
train,abnormal,aaaaaptf_s003_t001.edf,aaaaaptf,256.0,426496,1666.0,27,True,0.0,128.0
train,abnormal,aaaaaptg_s001_t001.edf,aaaaaptg,256.0,316416,1236.0,33,True,0.0,128.0
train,abnormal,aaaaaptm_s001_t001.edf,aaaaaptm,250.0,310500,1242.0,36,True,0.0,125.0
train,abnormal,aaaaaptm_s002_t001.edf,aaaaaptm,250.0,288750,1155.0,30,True,0.0,125.0
train,abnormal,aaaaaptx_s001_t001.edf,aaaaaptx,250.0,317250,1269.0,36,True,0.0,125.0
train,abnormal,aaaaapuc_s001_t001.edf,aaaaapuc,250.0,327500,1310.0,36,True,0.0,125.0
train,abnormal,aaaaapuo_s001_t000.edf,aaaaapuo,250.0,314500,1258.0,30,True,0.0,125.0
train,abnormal,aaaaapuw_s001_t000.edf,aaaaapuw,250.0,323750,1295.0,30,True,0.0,125.0
train,abnormal,aaaaapvd_s001_t000.edf,aaaaapvd,250.0,333250,1333.0,30,True,0.0,125.0
train,abnormal,aaaaapve_s001_t000.edf,aaaaapve,250.0,338500,1354.0,30,True,0.0,125.0
train,abnormal,aaaaapvk_s002_t001.edf,aaaaapvk,256.0,3364096,13141.0,29,True,0.0,128.0
train,abnormal,aaaaapvu_s004_t000.edf,aaaaapvu,250.0,343750,1375.0,30,True,0.0,125.0
train,abnormal,aaaaapvx_s001_t000.edf,aaaaapvx,250.0,350000,1400.0,30,True,0.0,125.0
train,abnormal,aaaaapwc_s001_t000.edf,aaaaapwc,256.0,324352,1267.0,27,True,0.0,128.0
train,abnormal,aaaaapwl_s002_t001.edf,aaaaapwl,256.0,495104,1934.0,33,True,0.0,128.0
train,abnormal,aaaaapxf_s001_t000.edf,aaaaapxf,250.0,316250,1265.0,30,True,0.0,125.0
train,abnormal,aaaaapxf_s002_t000.edf,aaaaapxf,256.0,739584,2889.0,33,True,0.0,128.0
train,abnormal,aaaaapxx_s001_t001.edf,aaaaapxx,250.0,299750,1199.0,36,True,0.0,125.0
train,abnormal,aaaaapxx_s002_t004.edf,aaaaapxx,256.0,1105408,4318.0,28,True,0.0,128.0
train,abnormal,aaaaapxx_s003_t006.edf,aaaaapxx,256.0,289280,1130.0,28,True,0.0,128.0
train,abnormal,aaaaapxz_s001_t001.edf,aaaaapxz,250.0,364500,1458.0,36,True,0.0,125.0
train,abnormal,aaaaapyd_s001_t000.edf,aaaaapyd,250.0,312250,1249.0,30,True,0.0,125.0
train,abnormal,aaaaapyl_s001_t000.edf,aaaaapyl,250.0,315500,1262.0,30,True,0.0,125.0
train,abnormal,aaaaapzm_s001_t000.edf,aaaaapzm,250.0,394500,1578.0,30,True,0.0,125.0
eval,normal,aaaaaayx_s002_t000.edf,aaaaaayx,250.0,300500,1202.0,36,True,0.0,125.0
eval,normal,aaaaacad_s003_t000.edf,aaaaacad,250.0,314750,1259.0,36,True,0.0,125.0
eval,normal,aaaaacby_s004_t000.edf,aaaaacby,250.0,301750,1207.0,36,True,0.0,125.0
eval,normal,aaaaadjk_s002_t000.edf,aaaaadjk,250.0,350750,1403.0,36,True,0.0,125.0
eval,normal,aaaaadsm_s002_t001.edf,aaaaadsm,250.0,312750,1251.0,36,True,0.0,125.0
eval,normal,aaaaaeab_s003_t000.edf,aaaaaeab,250.0,301000,1204.0,36,True,0.0,125.0
eval,normal,aaaaaejc_s003_t001.edf,aaaaaejc,250.0,298750,1195.0,36,True,0.0,125.0
eval,normal,aaaaagfk_s003_t000.edf,aaaaagfk,250.0,350500,1402.0,36,True,0.0,125.0
eval,normal,aaaaaguk_s002_t001.edf,aaaaaguk,250.0,297750,1191.0,36,True,0.0,125.0
eval,normal,aaaaahsv_s002_t000.edf,aaaaahsv,250.0,301000,1204.0,36,True,0.0,125.0
eval,normal,aaaaahzi_s001_t000.edf,aaaaahzi,250.0,363500,1454.0,36,True,0.0,125.0
eval,normal,aaaaahzm_s001_t001.edf,aaaaahzm,250.0,307750,1231.0,36,True,0.0,125.0
eval,normal,aaaaahzq_s001_t000.edf,aaaaahzq,250.0,300750,1203.0,36,True,0.0,125.0
eval,normal,aaaaahzs_s001_t001.edf,aaaaahzs,250.0,304250,1217.0,36,True,0.0,125.0
eval,normal,aaaaaiae_s001_t000.edf,aaaaaiae,250.0,303750,1215.0,36,True,0.0,125.0
eval,normal,aaaaaibx_s001_t000.edf,aaaaaibx,250.0,301750,1207.0,36,True,0.0,125.0
eval,normal,aaaaaiby_s001_t000.edf,aaaaaiby,250.0,300750,1203.0,36,True,0.0,125.0
eval,normal,aaaaaici_s001_t000.edf,aaaaaici,250.0,372500,1490.0,36,True,0.0,125.0
eval,normal,aaaaaicn_s001_t000.edf,aaaaaicn,250.0,305750,1223.0,36,True,0.0,125.0
eval,normal,aaaaaijn_s001_t001.edf,aaaaaijn,250.0,298500,1194.0,36,True,0.0,125.0
eval,normal,aaaaairb_s001_t001.edf,aaaaairb,250.0,286750,1147.0,36,True,0.0,125.0
eval,normal,aaaaairo_s001_t000.edf,aaaaairo,250.0,755750,3023.0,36,True,0.0,125.0
eval,normal,aaaaaitt_s001_t000.edf,aaaaaitt,250.0,300750,1203.0,36,True,0.0,125.0
eval,normal,aaaaaiuo_s002_t000.edf,aaaaaiuo,250.0,301250,1205.0,36,True,0.0,125.0
eval,normal,aaaaaiwz_s001_t001.edf,aaaaaiwz,250.0,296250,1185.0,36,True,0.0,125.0
eval,normal,aaaaaiyy_s001_t001.edf,aaaaaiyy,250.0,297500,1190.0,36,True,0.0,125.0
eval,normal,aaaaaizd_s001_t001.edf,aaaaaizd,250.0,349000,1396.0,36,True,0.0,125.0
eval,normal,aaaaaizs_s001_t000.edf,aaaaaizs,250.0,299750,1199.0,36,True,0.0,125.0
eval,normal,aaaaajae_s001_t001.edf,aaaaajae,250.0,324000,1296.0,36,True,0.0,125.0
eval,normal,aaaaajal_s001_t001.edf,aaaaajal,250.0,297500,1190.0,36,True,0.0,125.0
eval,normal,aaaaajar_s001_t001.edf,aaaaajar,250.0,294000,1176.0,36,True,0.0,125.0
eval,normal,aaaaajbb_s001_t000.edf,aaaaajbb,250.0,301750,1207.0,36,True,0.0,125.0
eval,normal,aaaaajbh_s002_t000.edf,aaaaajbh,250.0,300750,1203.0,36,True,0.0,125.0
eval,normal,aaaaajce_s001_t000.edf,aaaaajce,250.0,350750,1403.0,36,True,0.0,125.0
eval,normal,aaaaajci_s001_t000.edf,aaaaajci,250.0,251250,1005.0,36,True,0.0,125.0
eval,normal,aaaaajck_s001_t000.edf,aaaaajck,250.0,346500,1386.0,36,True,0.0,125.0
eval,normal,aaaaajct_s001_t000.edf,aaaaajct,250.0,301250,1205.0,36,True,0.0,125.0
eval,normal,aaaaajcu_s001_t000.edf,aaaaajcu,250.0,346000,1384.0,36,True,0.0,125.0
eval,normal,aaaaajda_s001_t000.edf,aaaaajda,250.0,347500,1390.0,36,True,0.0,125.0
eval,normal,aaaaajdb_s001_t000.edf,aaaaajdb,250.0,347750,1391.0,36,True,0.0,125.0
eval,normal,aaaaajdv_s001_t000.edf,aaaaajdv,250.0,350000,1400.0,36,True,0.0,125.0
eval,normal,aaaaajdy_s001_t000.edf,aaaaajdy,250.0,350000,1400.0,36,True,0.0,125.0
eval,normal,aaaaajdz_s001_t000.edf,aaaaajdz,250.0,722000,2888.0,36,True,0.0,125.0
eval,normal,aaaaajea_s001_t000.edf,aaaaajea,250.0,308750,1235.0,36,True,0.0,125.0
eval,normal,aaaaajen_s001_t000.edf,aaaaajen,250.0,365750,1463.0,36,True,0.0,125.0
eval,normal,aaaaajey_s001_t000.edf,aaaaajey,250.0,300500,1202.0,36,True,0.0,125.0
eval,normal,aaaaajfb_s001_t000.edf,aaaaajfb,250.0,363250,1453.0,36,True,0.0,125.0
eval,normal,aaaaajfe_s001_t000.edf,aaaaajfe,250.0,354250,1417.0,36,True,0.0,125.0
eval,normal,aaaaajff_s001_t000.edf,aaaaajff,250.0,302250,1209.0,36,True,0.0,125.0
eval,normal,aaaaajfi_s001_t001.edf,aaaaajfi,250.0,377750,1511.0,36,True,0.0,125.0
eval,normal,aaaaajfn_s001_t001.edf,aaaaajfn,250.0,313250,1253.0,36,True,0.0,125.0
eval,normal,aaaaajfy_s001_t000.edf,aaaaajfy,250.0,300750,1203.0,36,True,0.0,125.0
eval,normal,aaaaajga_s001_t001.edf,aaaaajga,250.0,298750,1195.0,36,True,0.0,125.0
eval,normal,aaaaajhy_s001_t000.edf,aaaaajhy,250.0,301000,1204.0,36,True,0.0,125.0
eval,normal,aaaaajit_s001_t001.edf,aaaaajit,250.0,308000,1232.0,36,True,0.0,125.0
eval,normal,aaaaajiu_s001_t000.edf,aaaaajiu,250.0,312000,1248.0,36,True,0.0,125.0
eval,normal,aaaaajiy_s001_t001.edf,aaaaajiy,250.0,300500,1202.0,36,True,0.0,125.0
eval,normal,aaaaajiz_s001_t000.edf,aaaaajiz,250.0,360500,1442.0,36,True,0.0,125.0
eval,normal,aaaaajjb_s001_t001.edf,aaaaajjb,250.0,299500,1198.0,36,True,0.0,125.0
eval,normal,aaaaajje_s001_t000.edf,aaaaajje,250.0,318250,1273.0,36,True,0.0,125.0
eval,normal,aaaaajjk_s001_t000.edf,aaaaajjk,250.0,346250,1385.0,36,True,0.0,125.0
eval,normal,aaaaajna_s001_t000.edf,aaaaajna,250.0,383250,1533.0,36,True,0.0,125.0
eval,normal,aaaaajnu_s001_t000.edf,aaaaajnu,250.0,300750,1203.0,36,True,0.0,125.0
eval,normal,aaaaajon_s001_t000.edf,aaaaajon,250.0,345250,1381.0,36,True,0.0,125.0
eval,normal,aaaaajpg_s001_t001.edf,aaaaajpg,250.0,297500,1190.0,36,True,0.0,125.0
eval,normal,aaaaajtg_s001_t000.edf,aaaaajtg,250.0,316750,1267.0,36,True,0.0,125.0
eval,normal,aaaaajtu_s001_t000.edf,aaaaajtu,250.0,301250,1205.0,36,True,0.0,125.0
eval,normal,aaaaajun_s001_t000.edf,aaaaajun,250.0,305250,1221.0,36,True,0.0,125.0
eval,normal,aaaaajvh_s001_t001.edf,aaaaajvh,250.0,252250,1009.0,36,True,0.0,125.0
eval,normal,aaaaajxp_s001_t000.edf,aaaaajxp,250.0,300500,1202.0,36,True,0.0,125.0
eval,normal,aaaaakft_s001_t000.edf,aaaaakft,250.0,356250,1425.0,36,True,0.0,125.0
eval,normal,aaaaakgp_s001_t001.edf,aaaaakgp,250.0,297750,1191.0,36,True,0.0,125.0
eval,normal,aaaaakka_s001_t001.edf,aaaaakka,250.0,300250,1201.0,36,True,0.0,125.0
eval,normal,aaaaakqg_s001_t001.edf,aaaaakqg,250.0,295000,1180.0,36,True,0.0,125.0
eval,normal,aaaaakqr_s001_t000.edf,aaaaakqr,250.0,301250,1205.0,36,True,0.0,125.0
eval,normal,aaaaaksb_s001_t000.edf,aaaaaksb,250.0,300750,1203.0,36,True,0.0,125.0
eval,normal,aaaaaksu_s001_t001.edf,aaaaaksu,250.0,297500,1190.0,36,True,0.0,125.0
eval,normal,aaaaalaf_s001_t000.edf,aaaaalaf,250.0,300500,1202.0,36,True,0.0,125.0
eval,normal,aaaaalbt_s001_t001.edf,aaaaalbt,250.0,294250,1177.0,36,True,0.0,125.0
eval,normal,aaaaalbt_s002_t000.edf,aaaaalbt,250.0,370250,1481.0,30,True,0.0,125.0
eval,normal,aaaaalid_s001_t001.edf,aaaaalid,250.0,302000,1208.0,36,True,0.0,125.0
eval,normal,aaaaaljj_s001_t000.edf,aaaaaljj,250.0,318750,1275.0,36,True,0.0,125.0
eval,normal,aaaaallc_s001_t001.edf,aaaaallc,250.0,288000,1152.0,36,True,0.0,125.0
eval,normal,aaaaalox_s001_t001.edf,aaaaalox,250.0,451000,1804.0,36,True,0.0,125.0
eval,normal,aaaaalpv_s001_t000.edf,aaaaalpv,250.0,350250,1401.0,36,True,0.0,125.0
eval,normal,aaaaalqa_s001_t000.edf,aaaaalqa,250.0,311500,1246.0,36,True,0.0,125.0
eval,normal,aaaaalqs_s001_t001.edf,aaaaalqs,250.0,297750,1191.0,36,True,0.0,125.0
eval,normal,aaaaalqx_s001_t000.edf,aaaaalqx,250.0,347500,1390.0,36,True,0.0,125.0
eval,normal,aaaaalsq_s001_t000.edf,aaaaalsq,250.0,315750,1263.0,36,True,0.0,125.0
eval,normal,aaaaaluz_s001_t001.edf,aaaaaluz,250.0,305500,1222.0,36,True,0.0,125.0
eval,normal,aaaaalvw_s001_t000.edf,aaaaalvw,250.0,346000,1384.0,36,True,0.0,125.0
eval,normal,aaaaalxk_s001_t000.edf,aaaaalxk,250.0,359250,1437.0,36,True,0.0,125.0
eval,normal,aaaaamfe_s001_t001.edf,aaaaamfe,250.0,300500,1202.0,36,True,0.0,125.0
eval,normal,aaaaamfu_s001_t000.edf,aaaaamfu,250.0,305000,1220.0,36,True,0.0,125.0
eval,normal,aaaaamon_s001_t000.edf,aaaaamon,250.0,301000,1204.0,36,True,0.0,125.0
eval,normal,aaaaamrj_s001_t000.edf,aaaaamrj,250.0,302000,1208.0,36,True,0.0,125.0
eval,normal,aaaaamtb_s001_t000.edf,aaaaamtb,250.0,348750,1395.0,36,True,0.0,125.0
eval,normal,aaaaamuc_s001_t000.edf,aaaaamuc,250.0,326000,1304.0,30,True,0.0,125.0
eval,normal,aaaaamyb_s001_t001.edf,aaaaamyb,250.0,356500,1426.0,30,True,0.0,125.0
eval,normal,aaaaamzl_s001_t000.edf,aaaaamzl,250.0,316250,1265.0,30,True,0.0,125.0
eval,normal,aaaaamzx_s001_t000.edf,aaaaamzx,250.0,300750,1203.0,31,True,0.0,125.0
eval,normal,aaaaanbq_s001_t000.edf,aaaaanbq,250.0,355250,1421.0,30,True,0.0,125.0
eval,normal,aaaaanek_s001_t000.edf,aaaaanek,250.0,309250,1237.0,30,True,0.0,125.0
eval,normal,aaaaangp_s001_t000.edf,aaaaangp,250.0,306750,1227.0,30,True,0.0,125.0
eval,normal,aaaaanlp_s001_t000.edf,aaaaanlp,250.0,372250,1489.0,31,True,0.0,125.0
eval,normal,aaaaanop_s001_t000.edf,aaaaanop,250.0,307000,1228.0,30,True,0.0,125.0
eval,normal,aaaaanqe_s001_t000.edf,aaaaanqe,250.0,335000,1340.0,30,True,0.0,125.0
eval,normal,aaaaanum_s001_t000.edf,aaaaanum,250.0,303000,1212.0,31,True,0.0,125.0
eval,normal,aaaaanvb_s002_t000.edf,aaaaanvb,250.0,397250,1589.0,30,True,0.0,125.0
eval,normal,aaaaanvg_s001_t002.edf,aaaaanvg,250.0,249250,997.0,36,True,0.0,125.0
eval,normal,aaaaanvw_s001_t000.edf,aaaaanvw,250.0,345500,1382.0,30,True,0.0,125.0
eval,normal,aaaaanyb_s001_t001.edf,aaaaanyb,250.0,750000,3000.0,31,True,0.0,125.0
eval,normal,aaaaaoav_s001_t000.edf,aaaaaoav,250.0,340250,1361.0,36,True,0.0,125.0
eval,normal,aaaaaoav_s002_t000.edf,aaaaaoav,256.0,384256,1501.0,27,True,0.0,128.0
eval,normal,aaaaaobl_s001_t000.edf,aaaaaobl,250.0,320500,1282.0,30,True,0.0,125.0
eval,normal,aaaaaoby_s001_t000.edf,aaaaaoby,256.0,322816,1261.0,34,True,0.0,128.0
eval,normal,aaaaaoeg_s001_t000.edf,aaaaaoeg,250.0,332000,1328.0,36,True,0.0,125.0
eval,normal,aaaaaofj_s001_t000.edf,aaaaaofj,250.0,319000,1276.0,36,True,0.0,125.0
eval,normal,aaaaaofr_s001_t000.edf,aaaaaofr,250.0,339250,1357.0,36,True,0.0,125.0
eval,normal,aaaaaofz_s001_t000.edf,aaaaaofz,250.0,347250,1389.0,36,True,0.0,125.0
eval,normal,aaaaaojd_s001_t002.edf,aaaaaojd,250.0,248750,995.0,31,True,0.0,125.0
eval,normal,aaaaaokg_s001_t000.edf,aaaaaokg,250.0,360500,1442.0,36,True,0.0,125.0
eval,normal,aaaaaoly_s001_t000.edf,aaaaaoly,250.0,341500,1366.0,31,True,0.0,125.0
eval,normal,aaaaaome_s001_t000.edf,aaaaaome,250.0,375500,1502.0,36,True,0.0,125.0
eval,normal,aaaaaomx_s001_t000.edf,aaaaaomx,250.0,343250,1373.0,36,True,0.0,125.0
eval,normal,aaaaaonb_s001_t000.edf,aaaaaonb,250.0,302250,1209.0,30,True,0.0,125.0
eval,normal,aaaaaopd_s001_t000.edf,aaaaaopd,250.0,363250,1453.0,36,True,0.0,125.0
eval,normal,aaaaaopo_s001_t000.edf,aaaaaopo,250.0,241250,965.0,30,True,0.0,125.0
eval,normal,aaaaaosw_s001_t000.edf,aaaaaosw,250.0,379000,1516.0,30,True,0.0,125.0
eval,normal,aaaaaote_s001_t000.edf,aaaaaote,250.0,377750,1511.0,36,True,0.0,125.0
eval,normal,aaaaaowb_s001_t000.edf,aaaaaowb,250.0,346250,1385.0,36,True,0.0,125.0
eval,normal,aaaaaoxf_s001_t000.edf,aaaaaoxf,250.0,358000,1432.0,30,True,0.0,125.0
eval,normal,aaaaaozf_s001_t001.edf,aaaaaozf,250.0,365250,1461.0,30,True,0.0,125.0
eval,normal,aaaaapag_s001_t000.edf,aaaaapag,250.0,420250,1681.0,36,True,0.0,125.0
eval,normal,aaaaapcb_s001_t000.edf,aaaaapcb,250.0,340250,1361.0,30,True,0.0,125.0
eval,normal,aaaaapcy_s001_t002.edf,aaaaapcy,250.0,349250,1397.0,30,True,0.0,125.0
eval,normal,aaaaapdg_s001_t000.edf,aaaaapdg,250.0,314250,1257.0,30,True,0.0,125.0
eval,normal,aaaaaphw_s001_t000.edf,aaaaaphw,250.0,320500,1282.0,30,True,0.0,125.0
eval,normal,aaaaapij_s001_t000.edf,aaaaapij,250.0,332250,1329.0,30,True,0.0,125.0
eval,normal,aaaaapjc_s001_t001.edf,aaaaapjc,250.0,413750,1655.0,31,True,0.0,125.0
eval,normal,aaaaapka_s001_t000.edf,aaaaapka,250.0,319500,1278.0,30,True,0.0,125.0
eval,normal,aaaaapof_s001_t000.edf,aaaaapof,250.0,315500,1262.0,30,True,0.0,125.0
eval,normal,aaaaapoo_s001_t000.edf,aaaaapoo,250.0,309500,1238.0,30,True,0.0,125.0
eval,normal,aaaaapoq_s001_t000.edf,aaaaapoq,250.0,308000,1232.0,30,True,0.0,125.0
eval,normal,aaaaappb_s001_t000.edf,aaaaappb,250.0,422750,1691.0,30,True,0.0,125.0
eval,normal,aaaaapqv_s001_t000.edf,aaaaapqv,250.0,313500,1254.0,30,True,0.0,125.0
eval,normal,aaaaapua_s001_t001.edf,aaaaapua,250.0,326500,1306.0,36,True,0.0,125.0
eval,normal,aaaaapuu_s001_t000.edf,aaaaapuu,250.0,306000,1224.0,30,True,0.0,125.0
eval,normal,aaaaapwn_s001_t001.edf,aaaaapwn,250.0,345250,1381.0,36,True,0.0,125.0
eval,normal,aaaaapxm_s001_t001.edf,aaaaapxm,250.0,330750,1323.0,30,True,0.0,125.0
eval,abnormal,aaaaabdo_s003_t000.edf,aaaaabdo,250.0,304250,1217.0,30,True,0.0,125.0
eval,abnormal,aaaaabsk_s007_t000.edf,aaaaabsk,250.0,357250,1429.0,31,True,0.0,125.0
eval,abnormal,aaaaabuv_s002_t000.edf,aaaaabuv,250.0,346250,1385.0,36,True,0.0,125.0
eval,abnormal,aaaaaddm_s006_t000.edf,aaaaaddm,250.0,313750,1255.0,30,True,0.0,125.0
eval,abnormal,aaaaadeu_s002_t000.edf,aaaaadeu,250.0,342250,1369.0,36,True,0.0,125.0
eval,abnormal,aaaaadkb_s002_t000.edf,aaaaadkb,250.0,331750,1327.0,36,True,0.0,125.0
eval,abnormal,aaaaaezn_s003_t001.edf,aaaaaezn,250.0,300250,1201.0,36,True,0.0,125.0
eval,abnormal,aaaaafhl_s003_t000.edf,aaaaafhl,250.0,338500,1354.0,30,True,0.0,125.0
eval,abnormal,aaaaagsc_s003_t001.edf,aaaaagsc,250.0,321750,1287.0,36,True,0.0,125.0
eval,abnormal,aaaaagsc_s006_t001.edf,aaaaagsc,250.0,296750,1187.0,36,True,0.0,125.0
eval,abnormal,aaaaagvx_s002_t000.edf,aaaaagvx,250.0,304750,1219.0,36,True,0.0,125.0
eval,abnormal,aaaaagvx_s003_t001.edf,aaaaagvx,250.0,372750,1491.0,30,True,0.0,125.0
eval,abnormal,aaaaagyr_s002_t000.edf,aaaaagyr,250.0,334750,1339.0,30,True,0.0,125.0
eval,abnormal,aaaaahie_s005_t001.edf,aaaaahie,250.0,293750,1175.0,36,True,0.0,125.0
eval,abnormal,aaaaahte_s002_t000.edf,aaaaahte,250.0,304000,1216.0,36,True,0.0,125.0
eval,abnormal,aaaaahte_s003_t000.edf,aaaaahte,250.0,364000,1456.0,30,True,0.0,125.0
eval,abnormal,aaaaahuy_s002_t000.edf,aaaaahuy,250.0,300750,1203.0,36,True,0.0,125.0
eval,abnormal,aaaaaijh_s002_t000.edf,aaaaaijh,250.0,686500,2746.0,36,True,0.0,125.0
eval,abnormal,aaaaaiue_s004_t000.edf,aaaaaiue,250.0,412250,1649.0,36,True,0.0,125.0
eval,abnormal,aaaaajah_s002_t001.edf,aaaaajah,250.0,898750,3595.0,36,True,0.0,125.0
eval,abnormal,aaaaajah_s004_t000.edf,aaaaajah,250.0,391750,1567.0,30,True,0.0,125.0
eval,abnormal,aaaaajam_s001_t000.edf,aaaaajam,250.0,307750,1231.0,36,True,0.0,125.0
eval,abnormal,aaaaajoo_s002_t001.edf,aaaaajoo,250.0,301000,1204.0,36,True,0.0,125.0
eval,abnormal,aaaaajqh_s004_t000.edf,aaaaajqh,250.0,301500,1206.0,36,True,0.0,125.0
eval,abnormal,aaaaajqk_s003_t001.edf,aaaaajqk,250.0,295500,1182.0,36,True,0.0,125.0
eval,abnormal,aaaaajrf_s001_t000.edf,aaaaajrf,250.0,302750,1211.0,36,True,0.0,125.0
eval,abnormal,aaaaajrf_s002_t000.edf,aaaaajrf,250.0,308000,1232.0,36,True,0.0,125.0
eval,abnormal,aaaaajrf_s003_t002.edf,aaaaajrf,250.0,302250,1209.0,36,True,0.0,125.0
eval,abnormal,aaaaajrf_s004_t000.edf,aaaaajrf,250.0,304750,1219.0,36,True,0.0,125.0
eval,abnormal,aaaaajso_s001_t000.edf,aaaaajso,250.0,313750,1255.0,36,True,0.0,125.0
eval,abnormal,aaaaajuh_s001_t000.edf,aaaaajuh,250.0,301000,1204.0,36,True,0.0,125.0
eval,abnormal,aaaaakck_s001_t001.edf,aaaaakck,250.0,296500,1186.0,36,True,0.0,125.0
eval,abnormal,aaaaakcx_s001_t001.edf,aaaaakcx,250.0,294500,1178.0,36,True,0.0,125.0
eval,abnormal,aaaaakcy_s005_t001.edf,aaaaakcy,250.0,326750,1307.0,36,True,0.0,125.0
eval,abnormal,aaaaakdj_s001_t000.edf,aaaaakdj,250.0,303750,1215.0,36,True,0.0,125.0
eval,abnormal,aaaaakdo_s001_t000.edf,aaaaakdo,250.0,301000,1204.0,36,True,0.0,125.0
eval,abnormal,aaaaakeq_s001_t000.edf,aaaaakeq,250.0,303750,1215.0,36,True,0.0,125.0
eval,abnormal,aaaaakeq_s002_t000.edf,aaaaakeq,250.0,313500,1254.0,30,True,0.0,125.0
eval,abnormal,aaaaakeq_s003_t000.edf,aaaaakeq,250.0,340250,1361.0,31,True,0.0,125.0
eval,abnormal,aaaaakev_s001_t001.edf,aaaaakev,250.0,297000,1188.0,36,True,0.0,125.0
eval,abnormal,aaaaakev_s002_t000.edf,aaaaakev,250.0,303250,1213.0,36,True,0.0,125.0
eval,abnormal,aaaaakgu_s001_t000.edf,aaaaakgu,250.0,301500,1206.0,36,True,0.0,125.0
eval,abnormal,aaaaakjk_s002_t002.edf,aaaaakjk,250.0,301000,1204.0,36,True,0.0,125.0
eval,abnormal,aaaaakjk_s003_t000.edf,aaaaakjk,250.0,321000,1284.0,36,True,0.0,125.0
eval,abnormal,aaaaakmg_s003_t001.edf,aaaaakmg,250.0,372750,1491.0,36,True,0.0,125.0
eval,abnormal,aaaaakmh_s001_t000.edf,aaaaakmh,250.0,385750,1543.0,36,True,0.0,125.0
eval,abnormal,aaaaaknt_s001_t000.edf,aaaaaknt,250.0,301250,1205.0,36,True,0.0,125.0
eval,abnormal,aaaaakoo_s001_t001.edf,aaaaakoo,250.0,310250,1241.0,36,True,0.0,125.0
eval,abnormal,aaaaakrt_s001_t001.edf,aaaaakrt,250.0,297500,1190.0,36,True,0.0,125.0
eval,abnormal,aaaaakrt_s002_t001.edf,aaaaakrt,250.0,295000,1180.0,36,True,0.0,125.0
eval,abnormal,aaaaakxz_s001_t001.edf,aaaaakxz,250.0,300250,1201.0,36,True,0.0,125.0
eval,abnormal,aaaaakxz_s002_t001.edf,aaaaakxz,250.0,298250,1193.0,36,True,0.0,125.0
eval,abnormal,aaaaalau_s001_t000.edf,aaaaalau,250.0,301000,1204.0,36,True,0.0,125.0
eval,abnormal,aaaaalbh_s001_t000.edf,aaaaalbh,250.0,301250,1205.0,36,True,0.0,125.0
eval,abnormal,aaaaalbz_s006_t000.edf,aaaaalbz,250.0,400750,1603.0,30,True,0.0,125.0
eval,abnormal,aaaaaljf_s001_t000.edf,aaaaaljf,250.0,352000,1408.0,36,True,0.0,125.0
eval,abnormal,aaaaalle_s002_t000.edf,aaaaalle,250.0,306500,1226.0,36,True,0.0,125.0
eval,abnormal,aaaaalqr_s001_t001.edf,aaaaalqr,250.0,450750,1803.0,36,True,0.0,125.0
eval,abnormal,aaaaalrc_s002_t000.edf,aaaaalrc,250.0,300750,1203.0,30,True,0.0,125.0
eval,abnormal,aaaaalsx_s001_t000.edf,aaaaalsx,250.0,300500,1202.0,36,True,0.0,125.0
eval,abnormal,aaaaalsx_s004_t001.edf,aaaaalsx,250.0,670250,2681.0,36,True,0.0,125.0
eval,abnormal,aaaaalvz_s001_t000.edf,aaaaalvz,250.0,317000,1268.0,36,True,0.0,125.0
eval,abnormal,aaaaalyr_s001_t000.edf,aaaaalyr,250.0,300750,1203.0,36,True,0.0,125.0
eval,abnormal,aaaaalzk_s002_t001.edf,aaaaalzk,250.0,288500,1154.0,36,True,0.0,125.0
eval,abnormal,aaaaamcb_s001_t001.edf,aaaaamcb,250.0,298000,1192.0,36,True,0.0,125.0
eval,abnormal,aaaaamft_s001_t001.edf,aaaaamft,250.0,681500,2726.0,36,True,0.0,125.0
eval,abnormal,aaaaamhi_s001_t000.edf,aaaaamhi,250.0,306250,1225.0,36,True,0.0,125.0
eval,abnormal,aaaaamhk_s001_t000.edf,aaaaamhk,250.0,293000,1172.0,36,True,0.0,125.0
eval,abnormal,aaaaamjc_s001_t001.edf,aaaaamjc,250.0,443000,1772.0,36,True,0.0,125.0
eval,abnormal,aaaaammh_s001_t001.edf,aaaaammh,250.0,297500,1190.0,36,True,0.0,125.0
eval,abnormal,aaaaamnq_s001_t000.edf,aaaaamnq,250.0,301500,1206.0,30,True,0.0,125.0
eval,abnormal,aaaaamnq_s002_t000.edf,aaaaamnq,250.0,360500,1442.0,36,True,0.0,125.0
eval,abnormal,aaaaampz_s001_t000.edf,aaaaampz,250.0,300750,1203.0,36,True,0.0,125.0
eval,abnormal,aaaaamsc_s001_t000.edf,aaaaamsc,250.0,314250,1257.0,30,True,0.0,125.0
eval,abnormal,aaaaamxn_s001_t000.edf,aaaaamxn,250.0,346000,1384.0,30,True,0.0,125.0
eval,abnormal,aaaaamye_s001_t000.edf,aaaaamye,250.0,300750,1203.0,30,True,0.0,125.0
eval,abnormal,aaaaamzi_s001_t001.edf,aaaaamzi,250.0,348000,1392.0,31,True,0.0,125.0
eval,abnormal,aaaaanhb_s001_t003.edf,aaaaanhb,250.0,264000,1056.0,30,True,0.0,125.0
eval,abnormal,aaaaanhb_s003_t001.edf,aaaaanhb,250.0,590500,2362.0,30,True,0.0,125.0
eval,abnormal,aaaaanhb_s005_t000.edf,aaaaanhb,250.0,310000,1240.0,30,True,0.0,125.0
eval,abnormal,aaaaankf_s001_t000.edf,aaaaankf,250.0,302750,1211.0,30,True,0.0,125.0
eval,abnormal,aaaaanmc_s001_t000.edf,aaaaanmc,250.0,302000,1208.0,31,True,0.0,125.0
eval,abnormal,aaaaanoz_s001_t000.edf,aaaaanoz,250.0,373000,1492.0,30,True,0.0,125.0
eval,abnormal,aaaaanpr_s001_t002.edf,aaaaanpr,250.0,241500,966.0,31,True,0.0,125.0
eval,abnormal,aaaaanro_s001_t000.edf,aaaaanro,250.0,300750,1203.0,30,True,0.0,125.0
eval,abnormal,aaaaansj_s001_t000.edf,aaaaansj,250.0,300750,1203.0,30,True,0.0,125.0
eval,abnormal,aaaaanta_s001_t000.edf,aaaaanta,250.0,331750,1327.0,30,True,0.0,125.0
eval,abnormal,aaaaanwc_s001_t001.edf,aaaaanwc,250.0,481250,1925.0,30,True,0.0,125.0
eval,abnormal,aaaaanxl_s001_t000.edf,aaaaanxl,250.0,308000,1232.0,30,True,0.0,125.0
eval,abnormal,aaaaanyt_s002_t000.edf,aaaaanyt,250.0,307750,1231.0,31,True,0.0,125.0
eval,abnormal,aaaaanyw_s001_t000.edf,aaaaanyw,250.0,363000,1452.0,31,True,0.0,125.0
eval,abnormal,aaaaanyw_s002_t000.edf,aaaaanyw,250.0,378250,1513.0,36,True,0.0,125.0
eval,abnormal,aaaaanzh_s001_t000.edf,aaaaanzh,250.0,329500,1318.0,30,True,0.0,125.0
eval,abnormal,aaaaanzu_s001_t003.edf,aaaaanzu,250.0,245750,983.0,30,True,0.0,125.0
eval,abnormal,aaaaaobi_s001_t000.edf,aaaaaobi,250.0,317500,1270.0,30,True,0.0,125.0
eval,abnormal,aaaaaoda_s001_t000.edf,aaaaaoda,250.0,315250,1261.0,30,True,0.0,125.0
eval,abnormal,aaaaaohb_s001_t000.edf,aaaaaohb,250.0,316500,1266.0,36,True,0.0,125.0
eval,abnormal,aaaaaohr_s002_t001.edf,aaaaaohr,250.0,263000,1052.0,30,True,0.0,125.0
eval,abnormal,aaaaaoiq_s001_t000.edf,aaaaaoiq,250.0,303500,1214.0,36,True,0.0,125.0
eval,abnormal,aaaaaoiv_s001_t000.edf,aaaaaoiv,250.0,310750,1243.0,36,True,0.0,125.0
eval,abnormal,aaaaaoiv_s002_t001.edf,aaaaaoiv,250.0,277500,1110.0,30,True,0.0,125.0
eval,abnormal,aaaaaoiv_s003_t003.edf,aaaaaoiv,250.0,280000,1120.0,31,True,0.0,125.0
eval,abnormal,aaaaaomy_s001_t000.edf,aaaaaomy,250.0,332750,1331.0,30,True,0.0,125.0
eval,abnormal,aaaaaons_s002_t002.edf,aaaaaons,250.0,366500,1466.0,30,True,0.0,125.0
eval,abnormal,aaaaaora_s002_t000.edf,aaaaaora,256.0,384000,1500.0,27,True,0.0,128.0
eval,abnormal,aaaaaord_s001_t000.edf,aaaaaord,250.0,336500,1346.0,36,True,0.0,125.0
eval,abnormal,aaaaaosh_s001_t000.edf,aaaaaosh,250.0,392000,1568.0,30,True,0.0,125.0
eval,abnormal,aaaaaout_s001_t000.edf,aaaaaout,250.0,334000,1336.0,30,True,0.0,125.0
eval,abnormal,aaaaaovl_s001_t000.edf,aaaaaovl,256.0,347392,1357.0,27,True,0.0,128.0
eval,abnormal,aaaaaovo_s001_t000.edf,aaaaaovo,250.0,374500,1498.0,36,True,0.0,125.0
eval,abnormal,aaaaapar_s001_t000.edf,aaaaapar,250.0,309750,1239.0,36,True,0.0,125.0
eval,abnormal,aaaaaphs_s001_t000.edf,aaaaaphs,250.0,389750,1559.0,36,True,0.0,125.0
eval,abnormal,aaaaapkx_s001_t001.edf,aaaaapkx,250.0,267250,1069.0,30,True,0.0,125.0
eval,abnormal,aaaaaply_s001_t001.edf,aaaaaply,256.0,257280,1005.0,27,True,0.0,128.0
eval,abnormal,aaaaapmb_s002_t001.edf,aaaaapmb,250.0,327000,1308.0,36,True,0.0,125.0
eval,abnormal,aaaaapmp_s001_t000.edf,aaaaapmp,250.0,381250,1525.0,30,True,0.0,125.0
eval,abnormal,aaaaapnr_s001_t000.edf,aaaaapnr,250.0,493500,1974.0,30,True,0.0,125.0
eval,abnormal,aaaaapoc_s001_t000.edf,aaaaapoc,250.0,315500,1262.0,30,True,0.0,125.0
eval,abnormal,aaaaapqd_s001_t000.edf,aaaaapqd,250.0,331000,1324.0,30,True,0.0,125.0
eval,abnormal,aaaaapta_s001_t000.edf,aaaaapta,256.0,366336,1431.0,29,True,0.0,128.0
eval,abnormal,aaaaapth_s001_t000.edf,aaaaapth,256.0,310016,1211.0,27,True,0.0,128.0
eval,abnormal,aaaaapvw_s001_t001.edf,aaaaapvw,250.0,314500,1258.0,30,True,0.0,125.0
eval,abnormal,aaaaapvy_s001_t000.edf,aaaaapvy,250.0,330500,1322.0,30,True,0.0,125.0
eval,abnormal,aaaaapwo_s001_t001.edf,aaaaapwo,250.0,370750,1483.0,36,True,0.0,125.0
eval,abnormal,aaaaapys_s001_t001.edf,aaaaapys,250.0,308000,1232.0,30,True,0.0,125.0
eval,abnormal,aaaaapys_s002_t001.edf,aaaaapys,256.0,321792,1257.0,33,True,0.0,128.0
